3,620;Feb 21 2014;41691
3,677;Feb 24 2014;41694
3,710;Feb 25 2014;41695
3,706;Feb 26 2014;41696
3,694;Feb 27 2014;41697
3,667;Feb 28 2014;41698
3,621;Mar 3 2014;41701
3,703;Mar 4 2014;41702
3,749;Mar 5 2014;41703
3,769;Mar 6 2014;41704
3,809;Mar 7 2014;41705
3,792;Mar 10 2014;41708
3,800;Mar 11 2014;41709
3,725;Mar 12 2014;41710
3,694;Mar 13 2014;41711
3,563;Mar 14 2014;41712
3,525;Mar 17 2014;41715
3,549;Mar 18 2014;41716
3,549;Mar 19 2014;41717
3,503;Mar 20 2014;41718
3,463;Mar 24 2014;41722
3,507;Mar 25 2014;41723
3,541;Mar 26 2014;41724
3,587;Mar 27 2014;41725
3,588;Mar 28 2014;41726
3,660;Mar 31 2014;41729
3,668;Apr 1 2014;41730
3,696;Apr 2 2014;41731
3,740;Apr 3 2014;41732
3,773;Apr 4 2014;41733
3,745;Apr 7 2014;41736
3,625;Apr 8 2014;41737
3,573;Apr 9 2014;41738
3,574;Apr 10 2014;41739
3,525;Apr 11 2014;41740
3,467;Apr 14 2014;41743
3,488;Apr 15 2014;41744
3,543;Apr 16 2014;41745
3,507;Apr 17 2014;41746
3,568;Apr 18 2014;41747
3,525;Apr 21 2014;41750
3,612;Apr 22 2014;41751
3,704;Apr 23 2014;41752
3,651;Apr 24 2014;41753
3,712;Apr 25 2014;41754
3,724;Apr 28 2014;41757
3,660;Apr 30 2014;41759
3,682;May 1 2014;41760
3,698;May 2 2014;41761
3,608;May 7 2014;41766
3,636;May 8 2014;41767
3,700;May 9 2014;41768
3,536;May 12 2014;41771
3,473;May 13 2014;41772
3,528;May 14 2014;41773
3,544;May 15 2014;41774
3,488;May 16 2014;41775
3,405;May 19 2014;41778
3,386;May 20 2014;41779
3,399;May 21 2014;41780
3,447;May 22 2014;41781
3,499;May 23 2014;41782
3,575;May 26 2014;41785
3,589;May 27 2014;41786
3,583;May 28 2014;41787
3,614;May 29 2014;41788
3,676;May 30 2014;41789
3,669;June 2 2014;41792
3,660;June 3 2014;41793
3,700;June 4 2014;41794
3,697;June 5 2014;41795
3,695;June 6 2014;41796
3,706;June 9 2014;41799
3,679;June 10 2014;41800
3,714;June 11 2014;41801
3,694;June 12 2014;41802
3,704;June 13 2014;41803
3,646;June 16 2014;41806
3,628;June 17 2014;41807
3,615;June 18 2014;41808
3,671;June 19 2014;41809
3,695;June 20 2014;41810
3,681;June 23 2014;41813
3,673;June 24 2014;41814
3,659;June 25 2014;41815
3,613;June 26 2014;41816
3,526;June 27 2014;41817
3,545;June 30 2014;41820
3,608;July 1 2014;41821
3,737;July 2 2014;41822
3,701;July 3 2014;41823
3,724;July 4 2014;41824
3,709;July 7 2014;41827
3,661;July 8 2014;41828
3,720;July 9 2014;41829
3,702;July 10 2014;41830
3,690;July 11 2014;41831
3,748;July 14 2014;41834
3,874;July 15 2014;41835
3,824;July 16 2014;41836
3,832;July 17 2014;41837
3,803;July 18 2014;41838
3,788;July 22 2014;41842
3,767;July 23 2014;41843
3,774;July 24 2014;41844
3,796;July 25 2014;41845
3,799;July 28 2014;41848
3,800;July 29 2014;41849
3,816;July 30 2014;41850
3,742;July 31 2014;41851
3,688;Aug 1 2014;41852
3,695;Aug 4 2014;41855
3,659;Aug 5 2014;41856
3,636;Aug 6 2014;41857
3,620;Aug 7 2014;41858
3,545;Aug 8 2014;41859
3,528;Aug 11 2014;41862
3,531;Aug 12 2014;41863
3,543;Aug 13 2014;41864
3,549;Aug 14 2014;41865
3,560;Aug 15 2014;41866
3,537;Aug 18 2014;41869
3,547;Aug 19 2014;41870
3,560;Aug 20 2014;41871
3,637;Aug 21 2014;41872
3,688;Aug 22 2014;41873
3,676;Aug 25 2014;41876
3,660;Aug 26 2014;41877
3,646;Aug 27 2014;41878
3,608;Aug 28 2014;41879
3,569;Aug 29 2014;41880
3,579;Sep 1 2014;41883
3,632;Sep 2 2014;41884
3,625;Sep 3 2014;41885
3,603;Sep 4 2014;41886
3,602;Sep 5 2014;41887
3,584;Sep 8 2014;41890
3,620;Sep 9 2014;41891
3,666;Sep 10 2014;41892
3,698;Sep 11 2014;41893
3,690;Sep 12 2014;41894
3,624;Sep 16 2014;41898
3,606;Sep 17 2014;41899
3,641;Sep 18 2014;41900
3,677;Sep 19 2014;41901
3,671;Sep 22 2014;41904
3,607;Sep 24 2014;41906
3,640;Sep 25 2014;41907
3,613;Sep 26 2014;41908
3,639;Sep 29 2014;41911
3,622;Sep 30 2014;41912
3,629;Oct 1 2014;41913
3,530;Oct 2 2014;41914
3,556;Oct 3 2014;41915
3,611;Oct 6 2014;41918
3,596;Oct 7 2014;41919
3,537;Oct 8 2014;41920
3,501;Oct 9 2014;41921
3,451;Oct 10 2014;41922
3,358;Oct 14 2014;41926
3,504;Oct 15 2014;41927
3,430;Oct 16 2014;41928
3,329;Oct 17 2014;41929
3,462;Oct 20 2014;41932
3,461;Oct 21 2014;41933
3,514;Oct 22 2014;41934
3,487;Oct 23 2014;41935
3,490;Oct 24 2014;41936
3,533;Oct 27 2014;41939
3,507;Oct 28 2014;41940
3,536;Oct 29 2014;41941
3,525;Oct 30 2014;41942
3,652;Oct 31 2014;41943
3,775;Nov 4 2014;41947
3,813;Nov 5 2014;41948
3,805;Nov 6 2014;41949
3,829;Nov 7 2014;41950
3,826;Nov 10 2014;41953
3,758;Nov 11 2014;41954
3,801;Nov 12 2014;41955
3,829;Nov 13 2014;41956
3,882;Nov 14 2014;41957
3,768;Nov 17 2014;41960
3,832;Nov 18 2014;41961
3,867;Nov 19 2014;41962
3,911;Nov 20 2014;41963
3,918;Nov 21 2014;41964
3,981;Nov 25 2014;41968
4,009;Nov 26 2014;41969
3,966;Nov 27 2014;41970
4,080;Nov 28 2014;41971
4,122;Dec 1 2014;41974
4,160;Dec 2 2014;41975
4,159;Dec 3 2014;41976
4,265;Dec 4 2014;41977
4,310;Dec 5 2014;41978
4,391;Dec 8 2014;41981
4,361;Dec 9 2014;41982
4,224;Dec 10 2014;41983
4,190;Dec 11 2014;41984
4,189;Dec 12 2014;41985
4,135;Dec 15 2014;41988
4,070;Dec 16 2014;41989
4,084;Dec 17 2014;41990
4,194;Dec 18 2014;41991
4,325;Dec 19 2014;41992
4,282;Dec 22 2014;41995
4,300;Dec 24 2014;41997
4,282;Dec 25 2014;41998
4,247;Dec 26 2014;41999
4,224;Dec 29 2014;42002
4,199;Dec 30 2014;42003
4,158;Jan 5 2015;42009
4,040;Jan 6 2015;42010
4,070;Jan 7 2015;42011
4,186;Jan 8 2015;42012
4,246;Jan 9 2015;42013
4,277;Jan 13 2015;42017
4,226;Jan 14 2015;42018
4,510;Jan 15 2015;42019
4,538;Jan 16 2015;42020
4,504;Jan 19 2015;42023
4,615;Jan 20 2015;42024
4,703;Jan 21 2015;42025
4,622;Jan 22 2015;42026
4,535;Jan 23 2015;42027
4,667;Jan 26 2015;42030
4,693;Jan 27 2015;42031
4,698;Jan 28 2015;42032
4,674;Jan 29 2015;42033
4,738;Jan 30 2015;42034
4,633;Feb 2 2015;42037
4,481;Feb 3 2015;42038
4,552;Feb 4 2015;42039
4,506;Feb 5 2015;42040
4,483;Feb 6 2015;42041
4,559;Feb 9 2015;42044
4,561;Feb 10 2015;42045
4,512;Feb 12 2015;42047
4,539;Feb 13 2015;42048
4,601;Feb 16 2015;42051
4,584;Feb 17 2015;42052
4,661;Feb 18 2015;42053
4,688;Feb 19 2015;42054
4,659;Feb 20 2015;42055
4,696;Feb 23 2015;42058
4,621;Feb 24 2015;42059
4,575;Feb 25 2015;42060
4,603;Feb 26 2015;42061
4,584;Feb 27 2015;42062
4,592;Mar 2 2015;42065
4,610;Mar 3 2015;42066
4,616;Mar 4 2015;42067
4,607;Mar 5 2015;42068
4,688;Mar 6 2015;42069
4,716;Mar 9 2015;42072
4,728;Mar 10 2015;42073
4,765;Mar 11 2015;42074
4,842;Mar 12 2015;42075
4,869;Mar 13 2015;42076
4,830;Mar 16 2015;42079
4,851;Mar 17 2015;42080
4,836;Mar 18 2015;42081
4,821;Mar 19 2015;42082
4,807;Mar 20 2015;42083
4,889;Mar 23 2015;42086
4,840;Mar 24 2015;42087
4,814;Mar 25 2015;42088
4,768;Mar 26 2015;42089
4,746;Mar 27 2015;42090
4,770;Mar 30 2015;42093
4,816;Mar 31 2015;42094
4,755;Apr 1 2015;42095
4,891;Apr 2 2015;42096
5,000;Apr 3 2015;42097
5,000;Apr 6 2015;42100
5,060;Apr 7 2015;42101
5,031;Apr 8 2015;42102
5,065;Apr 9 2015;42103
5,033;Apr 10 2015;42104
5,028;Apr 13 2015;42107
5,021;Apr 14 2015;42108
5,009;Apr 15 2015;42109
5,070;Apr 16 2015;42110
5,041;Apr 17 2015;42111
5,002;Apr 20 2015;42114
5,166;Apr 21 2015;42115
5,121;Apr 22 2015;42116
5,050;Apr 23 2015;42117
5,054;Apr 24 2015;42118
5,050;Apr 27 2015;42121
5,065;Apr 28 2015;42122
5,021;Apr 30 2015;42124
5,006;May 1 2015;42125
4,898;May 7 2015;42131
4,898;May 8 2015;42132
4,912;May 11 2015;42135
4,750;May 12 2015;42136
4,651;May 13 2015;42137
4,633;May 14 2015;42138
4,641;May 15 2015;42139
4,703;May 18 2015;42142
4,723;May 19 2015;42143
4,825;May 20 2015;42144
4,799;May 21 2015;42145
4,857;May 22 2015;42146
4,869;May 25 2015;42149
4,909;May 26 2015;42150
5,001;May 27 2015;42151
5,133;May 28 2015;42152
5,176;May 29 2015;42153
5,175;June 1 2015;42156
5,007;June 2 2015;42157
4,912;June 3 2015;42158
4,862;June 4 2015;42159
4,855;June 5 2015;42160
4,817;June 8 2015;42163
4,694;June 9 2015;42164
4,704;June 10 2015;42165
4,714;June 11 2015;42166
4,705;June 12 2015;42167
4,700;June 15 2015;42170
4,689;June 16 2015;42171
4,693;June 17 2015;42172
4,661;June 18 2015;42173
4,760;June 19 2015;42174
4,780;June 22 2015;42177
4,837;June 23 2015;42178
4,838;June 24 2015;42179
4,756;June 25 2015;42180
4,695;June 26 2015;42181
4,544;June 29 2015;42184
4,528;June 30 2015;42185
4,502;July 1 2015;42186
4,542;July 2 2015;42187
4,607;July 3 2015;42188
4,538;July 6 2015;42191
4,577;July 7 2015;42192
4,492;July 8 2015;42193
4,451;July 9 2015;42194
4,407;July 10 2015;42195
4,516;July 13 2015;42198
4,646;July 14 2015;42199
4,604;July 15 2015;42200
4,630;July 16 2015;42201
4,647;July 17 2015;42202
4,678;July 21 2015;42206
4,597;July 22 2015;42207
4,580;July 23 2015;42208
4,517;July 24 2015;42209
4,544;July 27 2015;42212
4,513;July 28 2015;42213
4,454;July 29 2015;42214
4,651;July 30 2015;42215
4,678;July 31 2015;42216
4,723;Aug 3 2015;42219
4,721;Aug 4 2015;42220
4,773;Aug 5 2015;42221
4,753;Aug 6 2015;42222
4,739;Aug 7 2015;42223
4,632;Aug 10 2015;42226
4,570;Aug 11 2015;42227
4,524;Aug 12 2015;42228
4,478;Aug 13 2015;42229
4,459;Aug 14 2015;42230
4,506;Aug 17 2015;42233
4,543;Aug 18 2015;42234
4,508;Aug 19 2015;42235
4,342;Aug 20 2015;42236
4,203;Aug 21 2015;42237
3,982;Aug 24 2015;42240
3,800;Aug 25 2015;42241
3,945;Aug 26 2015;42242
3,985;Aug 27 2015;42243
4,146;Aug 28 2015;42244
4,068;Aug 31 2015;42247
3,878;Sep 1 2015;42248
3,869;Sep 2 2015;42249
3,906;Sep 3 2015;42250
3,850;Sep 4 2015;42251
3,879;Sep 7 2015;42254
3,875;Sep 8 2015;42255
4,176;Sep 9 2015;42256
4,146;Sep 10 2015;42257
4,126;Sep 11 2015;42258
4,064;Sep 14 2015;42261
4,135;Sep 15 2015;42262
4,290;Sep 16 2015;42263
4,328;Sep 17 2015;42264
4,248;Sep 18 2015;42265
4,151;Sep 24 2015;42271
4,159;Sep 25 2015;42272
4,093;Sep 28 2015;42275
4,009;Sep 29 2015;42276
4,126;Sep 30 2015;42277
4,173;Oct 1 2015;42278
4,310;Oct 2 2015;42279
4,304;Oct 5 2015;42282
4,208;Oct 6 2015;42283
4,257;Oct 7 2015;42284
4,255;Oct 8 2015;42285
4,385;Oct 9 2015;42286
4,284;Oct 13 2015;42290
4,143;Oct 14 2015;42291
4,289;Oct 15 2015;42292
4,342;Oct 16 2015;42293
4,241;Oct 19 2015;42296
4,236;Oct 20 2015;42297
4,322;Oct 21 2015;42298
4,276;Oct 22 2015;42299
4,398;Oct 23 2015;42300
4,420;Oct 26 2015;42303
4,408;Oct 27 2015;42304
4,401;Oct 28 2015;42305
4,421;Oct 29 2015;42306
4,476;Oct 30 2015;42307
4,418;Nov 2 2015;42310
4,491;Nov 4 2015;42312
4,562;Nov 5 2015;42313
4,549;Nov 6 2015;42314
4,560;Nov 9 2015;42317
4,590;Nov 10 2015;42318
4,520;Nov 11 2015;42319
4,548;Nov 12 2015;42320
4,487;Nov 13 2015;42321
4,431;Nov 16 2015;42324
4,449;Nov 17 2015;42325
4,477;Nov 18 2015;42326
4,505;Nov 19 2015;42327
4,461;Nov 20 2015;42328
4,433;Nov 24 2015;42332
4,407;Nov 25 2015;42333
4,422;Nov 26 2015;42334
4,411;Nov 27 2015;42335
4,380;Nov 30 2015;42338
4,416;Dec 1 2015;42339
4,405;Dec 2 2015;42340
4,420;Dec 3 2015;42341
4,355;Dec 4 2015;42342
4,358;Dec 7 2015;42345
4,334;Dec 8 2015;42346
4,333;Dec 9 2015;42347
4,257;Dec 10 2015;42348
4,301;Dec 11 2015;42349
4,229;Dec 14 2015;42352
4,158;Dec 15 2015;42353
4,305;Dec 16 2015;42354
4,417;Dec 17 2015;42355
4,311;Dec 18 2015;42356
4,288;Dec 21 2015;42359
4,273;Dec 22 2015;42360
4,228;Dec 24 2015;42362
4,217;Dec 25 2015;42363
4,133;Dec 28 2015;42366
4,157;Dec 29 2015;42367
4,174;Dec 30 2015;42368
4,049;Jan 4 2016;42373
4,034;Jan 5 2016;42374
4,018;Jan 6 2016;42375
3,912;Jan 7 2016;42376
3,969;Jan 8 2016;42377
3,885;Jan 12 2016;42381
4,087;Jan 13 2016;42382
3,968;Jan 14 2016;42383
3,943;Jan 15 2016;42384
3,963;Jan 18 2016;42387
3,988;Jan 19 2016;42388
3,868;Jan 20 2016;42389
3,835;Jan 21 2016;42390
4,085;Jan 22 2016;42391
4,105;Jan 25 2016;42394
4,025;Jan 26 2016;42395
4,135;Jan 27 2016;42396
4,150;Jan 28 2016;42397
4,336;Jan 29 2016;42398
4,380;Feb 1 2016;42401
4,358;Feb 2 2016;42402
4,300;Feb 3 2016;42403
4,203;Feb 4 2016;42404
4,102;Feb 5 2016;42405
4,139;Feb 8 2016;42408
3,891;Feb 9 2016;42409
3,803;Feb 10 2016;42410
3,570;Feb 12 2016;42412
3,984;Feb 15 2016;42415
4,006;Feb 16 2016;42416
3,992;Feb 17 2016;42417
3,909;Feb 18 2016;42418
3,921;Feb 19 2016;42419
3,991;Feb 22 2016;42422
3,956;Feb 23 2016;42423
3,956;Feb 24 2016;42424
4,044;Feb 25 2016;42425
4,003;Feb 26 2016;42426
3,953;Feb 29 2016;42429
3,961;Mar 1 2016;42430
4,101;Mar 2 2016;42431
4,167;Mar 3 2016;42432
4,206;Mar 4 2016;42433
4,196;Mar 7 2016;42436
4,146;Mar 8 2016;42437
4,050;Mar 9 2016;42438
4,166;Mar 10 2016;42439
4,136;Mar 11 2016;42440
4,151;Mar 14 2016;42443
4,120;Mar 15 2016;42444
4,101;Mar 16 2016;42445
4,104;Mar 17 2016;42446
4,031;Mar 18 2016;42447
4,128;Mar 22 2016;42451
4,114;Mar 23 2016;42452
4,134;Mar 24 2016;42453
4,203;Mar 25 2016;42454
4,225;Mar 28 2016;42457
4,261;Mar 29 2016;42458
4,143;Mar 30 2016;42459
4,205;Mar 31 2016;42460
4,046;Apr 1 2016;42461
3,969;Apr 4 2016;42464
3,840;Apr 5 2016;42465
3,873;Apr 6 2016;42466
3,916;Apr 7 2016;42467
3,936;Apr 8 2016;42468
3,905;Apr 11 2016;42471
3,924;Apr 12 2016;42472
3,993;Apr 13 2016;42473
4,126;Apr 14 2016;42474
4,105;Apr 15 2016;42475
4,006;Apr 18 2016;42478
4,115;Apr 19 2016;42479
4,080;Apr 20 2016;42480
4,192;Apr 21 2016;42481
4,242;Apr 22 2016;42482
4,265;Apr 25 2016;42485
4,245;Apr 26 2016;42486
4,255;Apr 27 2016;42487
4,116;Apr 28 2016;42488
3,964;May 2 2016;42492
3,995;May 6 2016;42496
4,013;May 9 2016;42499
4,138;May 10 2016;42500
4,113;May 11 2016;42501
3,873;May 12 2016;42502
3,754;May 13 2016;42503
3,687;May 16 2016;42506
3,705;May 17 2016;42507
3,710;May 18 2016;42508
3,744;May 19 2016;42509
3,650;May 20 2016;42510
3,679;May 23 2016;42513
3,637;May 24 2016;42514
3,679;May 25 2016;42515
3,694;May 26 2016;42516
3,694;May 27 2016;42517
3,734;May 30 2016;42520
3,826;May 31 2016;42521
3,781;June 1 2016;42522
3,663;June 2 2016;42523
3,663;June 3 2016;42524
3,643;June 6 2016;42527
3,630;June 7 2016;42528
3,689;June 8 2016;42529
3,641;June 9 2016;42530
3,633;June 10 2016;42531
3,542;June 13 2016;42534
3,510;June 14 2016;42535
3,533;June 15 2016;42536
3,425;June 16 2016;42537
3,448;June 17 2016;42538
3,491;June 20 2016;42541
3,491;June 21 2016;42542
3,448;June 22 2016;42543
3,476;June 23 2016;42544
3,179;June 24 2016;42545
3,279;June 27 2016;42548
3,204;June 28 2016;42549
3,236;June 29 2016;42550
3,269;June 30 2016;42551
3,317;July 1 2016;42552
3,302;July 4 2016;42555
3,330;July 5 2016;42556
3,179;July 6 2016;42557
3,159;July 7 2016;42558
3,140;July 8 2016;42559
3,253;July 11 2016;42562
3,373;July 12 2016;42563
3,428;July 13 2016;42564
3,495;July 14 2016;42565
3,539;July 15 2016;42566
3,540;July 19 2016;42570
3,541;July 20 2016;42571
3,578;July 21 2016;42572
3,540;July 22 2016;42573
3,571;July 25 2016;42576
3,501;July 26 2016;42577
3,607;July 27 2016;42578
3,590;July 28 2016;42579
3,601;July 29 2016;42580
3,564;Aug 1 2016;42583
3,490;Aug 2 2016;42584
3,437;Aug 3 2016;42585
3,536;Aug 4 2016;42586
3,493;Aug 5 2016;42587
3,628;Aug 8 2016;42590
3,616;Aug 9 2016;42591
3,370;Aug 10 2016;42592
3,356;Aug 12 2016;42594
3,358;Aug 15 2016;42597
3,325;Aug 16 2016;42598
3,360;Aug 17 2016;42599
3,323;Aug 18 2016;42600
3,339;Aug 19 2016;42601
3,390;Aug 22 2016;42604
3,382;Aug 23 2016;42605
3,400;Aug 24 2016;42606
3,427;Aug 25 2016;42607
3,400;Aug 26 2016;42608
3,481;Aug 29 2016;42611
3,513;Aug 30 2016;42612
3,555;Aug 31 2016;42613
3,582;Sep 1 2016;42614
3,580;Sep 2 2016;42615
3,603;Sep 5 2016;42618
3,607;Sep 6 2016;42619
3,581;Sep 7 2016;42620
3,589;Sep 8 2016;42621
3,606;Sep 9 2016;42622
3,541;Sep 12 2016;42625
3,587;Sep 13 2016;42626
3,570;Sep 14 2016;42627
3,564;Sep 15 2016;42628
3,565;Sep 16 2016;42629
3,628;Sep 20 2016;42633
3,687;Sep 21 2016;42634
3,718;Sep 23 2016;42636
3,676;Sep 26 2016;42639
3,693;Sep 27 2016;42640
3,736;Sep 28 2016;42641
3,757;Sep 29 2016;42642
3,706;Sep 30 2016;42643
3,721;Oct 3 2016;42646
3,724;Oct 4 2016;42647
3,817;Oct 5 2016;42648
3,832;Oct 6 2016;42649
3,948;Oct 7 2016;42650
3,930;Oct 11 2016;42654
3,884;Oct 12 2016;42655
3,894;Oct 13 2016;42656
3,908;Oct 14 2016;42657
3,918;Oct 17 2016;42660
3,840;Oct 18 2016;42661
3,830;Oct 19 2016;42662
3,907;Oct 20 2016;42663
3,906;Oct 21 2016;42664
3,942;Oct 24 2016;42667
3,993;Oct 25 2016;42668
3,960;Oct 26 2016;42669
3,991;Oct 27 2016;42670
4,018;Oct 28 2016;42671
3,915;Oct 31 2016;42674
3,934;Nov 1 2016;42675
3,874;Nov 2 2016;42676
3,836;Nov 4 2016;42678
3,892;Nov 7 2016;42681
3,932;Nov 8 2016;42682
3,728;Nov 9 2016;42683
3,949;Nov 10 2016;42684
3,987;Nov 11 2016;42685
4,180;Nov 14 2016;42688
4,154;Nov 15 2016;42689
4,194;Nov 16 2016;42690
4,179;Nov 17 2016;42691
4,214;Nov 18 2016;42692
4,244;Nov 21 2016;42695
4,225;Nov 22 2016;42696
4,314;Nov 24 2016;42698
4,347;Nov 25 2016;42699
4,349;Nov 28 2016;42702
4,349;Nov 29 2016;42703
4,367;Nov 30 2016;42704
4,287;Dec 1 2016;42705
4,220;Dec 2 2016;42706
4,155;Dec 5 2016;42709
4,168;Dec 6 2016;42710
4,149;Dec 7 2016;42711
4,227;Dec 8 2016;42712
4,253;Dec 9 2016;42713
4,283;Dec 12 2016;42716
4,306;Dec 13 2016;42717
4,407;Dec 14 2016;42718
4,407;Dec 15 2016;42719
4,436;Dec 16 2016;42720
4,415;Dec 19 2016;42723
4,398;Dec 20 2016;42724
4,383;Dec 21 2016;42725
4,407;Dec 22 2016;42726
4,368;Dec 26 2016;42730
4,377;Dec 27 2016;42731
4,284;Dec 28 2016;42732
4,223;Dec 29 2016;42733
4,214;Dec 30 2016;42734
4,323;Jan 4 2017;42739
4,299;Jan 5 2017;42740
4,265;Jan 6 2017;42741
4,226;Jan 10 2017;42745
4,207;Jan 11 2017;42746
4,136;Jan 12 2017;42747
4,193;Jan 13 2017;42748
4,144;Jan 16 2017;42751
4,086;Jan 17 2017;42752
4,053;Jan 18 2017;42753
4,096;Jan 19 2017;42754
4,122;Jan 20 2017;42755
4,052;Jan 23 2017;42758
4,055;Jan 24 2017;42759
4,049;Jan 25 2017;42760
4,091;Jan 26 2017;42761
4,208;Jan 27 2017;42762
4,236;Jan 30 2017;42765
4,143;Jan 31 2017;42766
4,153;Feb 1 2017;42767
4,091;Feb 2 2017;42768
4,033;Feb 3 2017;42769
4,063;Feb 6 2017;42772
4,054;Feb 7 2017;42773
4,093;Feb 8 2017;42774
4,040;Feb 9 2017;42775
4,201;Feb 10 2017;42776
4,226;Feb 13 2017;42779
4,270;Feb 14 2017;42780
4,281;Feb 15 2017;42781
4,276;Feb 16 2017;42782
4,315;Feb 17 2017;42783
4,549;Feb 20 2017;42786
4,545;Feb 21 2017;42787
4,548;Feb 22 2017;42788
4,547;Feb 23 2017;42789
4,533;Feb 24 2017;42790
4,495;Feb 27 2017;42793
4,481;Feb 28 2017;42794
4,516;Mar 1 2017;42795
4,535;Mar 2 2017;42796
4,511;Mar 3 2017;42797
4,522;Mar 6 2017;42800
4,500;Mar 7 2017;42801
4,517;Mar 8 2017;42802
4,613;Mar 9 2017;42803
4,698;Mar 10 2017;42804
4,691;Mar 13 2017;42807
4,653;Mar 14 2017;42808
4,623;Mar 15 2017;42809
4,628;Mar 16 2017;42810
4,613;Mar 17 2017;42811
4,613;Mar 21 2017;42815
4,531;Mar 22 2017;42816
4,506;Mar 23 2017;42817
4,543;Mar 24 2017;42818
4,476;Mar 27 2017;42821
4,554;Mar 28 2017;42822
4,546;Mar 29 2017;42823
4,513;Mar 30 2017;42824
4,503;Mar 31 2017;42825
4,524;Apr 3 2017;42828
4,533;Apr 4 2017;42829
4,503;Apr 5 2017;42830
4,477;Apr 6 2017;42831
4,488;Apr 7 2017;42832
4,480;Apr 10 2017;42835
4,456;Apr 11 2017;42836
4,424;Apr 12 2017;42837
4,392;Apr 13 2017;42838
4,342;Apr 14 2017;42839
4,340;Apr 17 2017;42842
4,365;Apr 18 2017;42843
4,362;Apr 19 2017;42844
4,411;Apr 20 2017;42845
4,497;Apr 21 2017;42846
4,532;Apr 24 2017;42849
4,567;Apr 25 2017;42850
4,675;Apr 26 2017;42851
4,655;Apr 27 2017;42852
4,648;Apr 28 2017;42853
4,668;May 1 2017;42856
4,702;May 2 2017;42857
4,784;May 8 2017;42863
4,780;May 9 2017;42864
4,772;May 10 2017;42865
4,804;May 11 2017;42866
4,792;May 12 2017;42867
4,792;May 15 2017;42870
4,829;May 16 2017;42871
4,794;May 17 2017;42872
4,730;May 18 2017;42873
4,734;May 19 2017;42874
4,750;May 22 2017;42877
4,748;May 23 2017;42878
4,775;May 24 2017;42879
4,760;May 25 2017;42880
4,730;May 26 2017;42881
4,715;May 29 2017;42884
4,709;May 30 2017;42885
4,652;May 31 2017;42886
4,727;June 1 2017;42887
4,895;June 2 2017;42888
4,843;June 5 2017;42891
4,841;June 6 2017;42892
4,828;June 7 2017;42893
4,792;June 8 2017;42894
4,823;June 9 2017;42895
4,852;June 12 2017;42898
4,846;June 13 2017;42899
4,862;June 14 2017;42900
4,714;June 15 2017;42901
4,723;June 16 2017;42902
4,751;June 19 2017;42905
4,832;June 20 2017;42906
4,828;June 21 2017;42907
4,906;June 22 2017;42908
4,896;June 23 2017;42909
4,855;June 26 2017;42912
4,933;June 27 2017;42913
4,862;June 28 2017;42914
4,836;June 29 2017;42915
4,840;June 30 2017;42916
4,855;July 3 2017;42919
4,836;July 4 2017;42920
4,889;July 5 2017;42921
4,808;July 6 2017;42922
4,794;July 7 2017;42923
4,858;July 10 2017;42926
4,902;July 11 2017;42927
4,922;July 12 2017;42928
4,846;July 13 2017;42929
4,885;July 14 2017;42930
4,878;July 18 2017;42934
4,865;July 19 2017;42935
4,924;July 20 2017;42936
4,864;July 21 2017;42937
4,779;July 24 2017;42940
4,732;July 25 2017;42941
4,728;July 26 2017;42942
4,752;July 27 2017;42943
4,724;July 28 2017;42944
4,657;July 31 2017;42947
4,697;Aug 1 2017;42948
4,716;Aug 2 2017;42949
4,741;Aug 3 2017;42950
4,764;Aug 4 2017;42951
4,732;Aug 7 2017;42954
4,752;Aug 8 2017;42955
4,731;Aug 9 2017;42956
4,786;Aug 10 2017;42957
4,789;Aug 14 2017;42961
4,825;Aug 15 2017;42962
4,787;Aug 16 2017;42963
4,789;Aug 17 2017;42964
4,736;Aug 18 2017;42965
4,674;Aug 21 2017;42968
4,658;Aug 22 2017;42969
4,683;Aug 23 2017;42970
4,676;Aug 24 2017;42971
4,652;Aug 25 2017;42972
4,706;Aug 28 2017;42975
4,684;Aug 29 2017;42976
4,691;Aug 30 2017;42977
4,719;Aug 31 2017;42978
4,788;Sep 1 2017;42979
4,780;Sep 4 2017;42982
4,718;Sep 5 2017;42983
4,661;Sep 6 2017;42984
4,717;Sep 7 2017;42985
4,722;Sep 8 2017;42986
4,823;Sep 11 2017;42989
4,875;Sep 12 2017;42990
4,887;Sep 13 2017;42991
4,862;Sep 14 2017;42992
4,893;Sep 15 2017;42993
5,025;Sep 19 2017;42997
5,057;Sep 20 2017;42998
5,048;Sep 21 2017;42999
5,036;Sep 22 2017;43000
5,128;Sep 25 2017;43003
5,116;Sep 26 2017;43004
5,108;Sep 27 2017;43005
5,114;Sep 28 2017;43006
5,106;Sep 29 2017;43007
5,150;Oct 2 2017;43010
5,180;Oct 3 2017;43011
5,145;Oct 4 2017;43012
5,182;Oct 5 2017;43013
5,196;Oct 6 2017;43014
5,249;Oct 10 2017;43018
5,246;Oct 11 2017;43019
5,248;Oct 12 2017;43020
5,311;Oct 13 2017;43021
5,307;Oct 16 2017;43024
5,353;Oct 17 2017;43025
5,416;Oct 18 2017;43026
5,432;Oct 19 2017;43027
5,514;Oct 20 2017;43028
5,541;Oct 23 2017;43031
5,477;Oct 24 2017;43032
5,424;Oct 25 2017;43033
5,433;Oct 26 2017;43034
5,514;Oct 27 2017;43035
5,502;Oct 30 2017;43038
5,390;Oct 31 2017;43039
5,469;Nov 1 2017;43040
5,501;Nov 2 2017;43041
5,460;Nov 6 2017;43045
5,591;Nov 7 2017;43046
5,598;Nov 8 2017;43047
5,417;Nov 9 2017;43048
5,000;Nov 10 2017;43049
4,919;Nov 13 2017;43052
4,942;Nov 14 2017;43053
4,878;Nov 15 2017;43054
4,906;Nov 16 2017;43055
4,988;Nov 17 2017;43056
4,972;Nov 20 2017;43059
5,016;Nov 21 2017;43060
4,996;Nov 22 2017;43061
5,047;Nov 24 2017;43063
5,067;Nov 27 2017;43066
5,056;Nov 28 2017;43067
5,109;Nov 29 2017;43068
5,095;Nov 30 2017;43069
5,120;Dec 1 2017;43070
5,074;Dec 4 2017;43073
5,065;Dec 5 2017;43074
4,992;Dec 6 2017;43075
5,004;Dec 7 2017;43076
5,080;Dec 8 2017;43077
5,127;Dec 11 2017;43080
5,158;Dec 12 2017;43081
5,073;Dec 13 2017;43082
5,104;Dec 14 2017;43083
5,092;Dec 15 2017;43084
5,169;Dec 18 2017;43087
5,227;Dec 19 2017;43088
5,318;Dec 20 2017;43089
5,323;Dec 21 2017;43090
5,405;Dec 22 2017;43091
5,397;Dec 25 2017;43094
5,382;Dec 26 2017;43095
5,273;Dec 27 2017;43096
5,238;Dec 28 2017;43097
5,238;Dec 29 2017;43098
5,294;Jan 4 2018;43104
5,306;Jan 5 2018;43105
5,298;Jan 9 2018;43109
5,333;Jan 10 2018;43110
5,296;Jan 11 2018;43111
5,315;Jan 12 2018;43112
5,359;Jan 15 2018;43115
5,354;Jan 16 2018;43116
5,329;Jan 17 2018;43117
5,471;Jan 18 2018;43118
5,398;Jan 19 2018;43119
5,502;Jan 22 2018;43122
5,508;Jan 23 2018;43123
5,448;Jan 24 2018;43124
5,449;Jan 25 2018;43125
5,422;Jan 26 2018;43126
5,416;Jan 29 2018;43129
5,380;Jan 30 2018;43130
5,306;Jan 31 2018;43131
5,390;Feb 1 2018;43132
5,377;Feb 2 2018;43133
5,271;Feb 5 2018;43136
4,957;Feb 6 2018;43137
4,936;Feb 7 2018;43138
5,067;Feb 8 2018;43139
4,954;Feb 9 2018;43140
4,831;Feb 13 2018;43144
4,799;Feb 14 2018;43145
4,866;Feb 15 2018;43146
4,974;Feb 16 2018;43147
4,860;Feb 19 2018;43150
4,811;Feb 20 2018;43151
4,789;Feb 21 2018;43152
4,740;Feb 22 2018;43153
4,797;Feb 23 2018;43154
4,812;Feb 26 2018;43157
4,829;Feb 27 2018;43158
4,782;Feb 28 2018;43159
4,704;Mar 1 2018;43160
4,570;Mar 2 2018;43161
4,626;Mar 5 2018;43164
4,620;Mar 6 2018;43165
4,575;Mar 7 2018;43166
4,572;Mar 8 2018;43167
4,588;Mar 9 2018;43168
4,704;Mar 12 2018;43171
4,695;Mar 13 2018;43172
4,677;Mar 14 2018;43173
4,661;Mar 15 2018;43174
4,634;Mar 16 2018;43175
4,588;Mar 19 2018;43178
4,588;Mar 20 2018;43179
4,581;Mar 22 2018;43181
4,390;Mar 23 2018;43182
4,490;Mar 26 2018;43185
4,564;Mar 27 2018;43186
4,579;Mar 28 2018;43187
4,628;Mar 29 2018;43188
4,624;Mar 30 2018;43189
4,601;Apr 2 2018;43192
4,617;Apr 3 2018;43193
4,747;Apr 4 2018;43194
4,746;Apr 5 2018;43195
4,704;Apr 6 2018;43196
4,674;Apr 9 2018;43199
4,752;Apr 10 2018;43200
4,747;Apr 11 2018;43201
4,626;Apr 12 2018;43202
4,658;Apr 13 2018;43203
4,684;Apr 16 2018;43206
4,650;Apr 17 2018;43207
4,673;Apr 18 2018;43208
4,580;Apr 19 2018;43209
4,572;Apr 20 2018;43210
4,552;Apr 23 2018;43213
4,554;Apr 24 2018;43214
4,612;Apr 25 2018;43215
4,640;Apr 26 2018;43216
4,589;Apr 27 2018;43217
4,553;May 1 2018;43221
4,493;May 2 2018;43222
4,483;May 7 2018;43227
4,514;May 8 2018;43228
4,512;May 9 2018;43229
4,511;May 10 2018;43230
4,469;May 11 2018;43231
4,492;May 14 2018;43234
4,473;May 15 2018;43235
4,486;May 16 2018;43236
4,508;May 17 2018;43237
4,564;May 18 2018;43238
4,582;May 21 2018;43241
4,595;May 22 2018;43242
4,546;May 23 2018;43243
4,485;May 24 2018;43244
4,516;May 25 2018;43245
4,468;May 28 2018;43248
4,439;May 29 2018;43249
4,350;May 30 2018;43250
4,365;May 31 2018;43251
4,360;June 1 2018;43252
4,377;June 4 2018;43255
4,420;June 5 2018;43256
4,468;June 6 2018;43257
4,505;June 7 2018;43258
4,471;June 8 2018;43259
4,464;June 11 2018;43262
4,510;June 12 2018;43263
4,517;June 13 2018;43264
4,505;June 14 2018;43265
4,424;June 15 2018;43266
4,403;June 18 2018;43269
4,381;June 19 2018;43270
4,418;June 20 2018;43271
4,414;June 21 2018;43272
4,401;June 22 2018;43273
4,377;June 25 2018;43276
4,424;June 26 2018;43277
4,293;June 27 2018;43278
4,328;June 28 2018;43279
4,333;June 29 2018;43280
4,164;July 2 2018;43283
4,142;July 3 2018;43284
4,108;July 4 2018;43285
4,045;July 5 2018;43286
4,092;July 6 2018;43287
4,137;July 9 2018;43290
4,165;July 10 2018;43291
4,060;July 11 2018;43292
4,057;July 12 2018;43293
4,096;July 13 2018;43294
4,148;July 17 2018;43298
4,220;July 18 2018;43299
4,218;July 19 2018;43300
4,165;July 20 2018;43301
4,164;July 23 2018;43304
4,174;July 24 2018;43305
4,214;July 25 2018;43306
4,225;July 26 2018;43307
4,274;July 27 2018;43308
4,359;July 30 2018;43311
4,394;July 31 2018;43312
4,437;Aug 1 2018;43313
4,346;Aug 2 2018;43314
4,323;Aug 3 2018;43315
4,299;Aug 6 2018;43318
4,343;Aug 7 2018;43319
4,273;Aug 8 2018;43320
4,289;Aug 9 2018;43321
4,263;Aug 10 2018;43322
4,135;Aug 13 2018;43325
4,185;Aug 14 2018;43326
4,159;Aug 15 2018;43327
4,144;Aug 16 2018;43328
4,129;Aug 17 2018;43329
4,131;Aug 20 2018;43332
4,097;Aug 21 2018;43333
4,126;Aug 22 2018;43334
4,045;Aug 23 2018;43335
4,058;Aug 24 2018;43336
4,084;Aug 27 2018;43339
4,142;Aug 28 2018;43340
4,157;Aug 29 2018;43341
4,136;Aug 30 2018;43342
4,093;Aug 31 2018;43343
4,069;Sep 3 2018;43346
4,017;Sep 4 2018;43347
3,999;Sep 5 2018;43348
3,971;Sep 6 2018;43349
3,946;Sep 7 2018;43350
3,954;Sep 10 2018;43353
3,971;Sep 11 2018;43354
3,939;Sep 12 2018;43355
4,079;Sep 13 2018;43356
4,149;Sep 14 2018;43357
4,182;Sep 18 2018;43361
4,245;Sep 19 2018;43362
4,266;Sep 20 2018;43363
4,278;Sep 21 2018;43364
4,317;Sep 25 2018;43368
4,326;Sep 26 2018;43369
4,287;Sep 27 2018;43370
4,293;Sep 28 2018;43371
4,320;Oct 1 2018;43374
4,391;Oct 2 2018;43375
4,340;Oct 3 2018;43376
4,348;Oct 4 2018;43377
4,315;Oct 5 2018;43378
4,300;Oct 9 2018;43382
4,325;Oct 10 2018;43383
4,216;Oct 11 2018;43384
4,220;Oct 12 2018;43385
4,186;Oct 15 2018;43388
4,266;Oct 16 2018;43389
4,354;Oct 17 2018;43390
4,316;Oct 18 2018;43391
4,266;Oct 19 2018;43392
4,282;Oct 22 2018;43395
4,150;Oct 23 2018;43396
4,217;Oct 24 2018;43397
4,157;Oct 25 2018;43398
4,227;Oct 26 2018;43399
4,236;Oct 29 2018;43402
4,271;Oct 30 2018;43403
4,363;Oct 31 2018;43404
4,308;Nov 1 2018;43405
4,319;Nov 2 2018;43406
4,296;Nov 5 2018;43409
4,366;Nov 6 2018;43410
4,335;Nov 7 2018;43411
4,242;Nov 8 2018;43412
4,270;Nov 9 2018;43413
4,263;Nov 12 2018;43416
4,172;Nov 13 2018;43417
4,240;Nov 14 2018;43418
4,379;Nov 15 2018;43419
4,312;Nov 16 2018;43420
4,322;Nov 19 2018;43423
4,361;Nov 20 2018;43424
4,345;Nov 21 2018;43425
4,405;Nov 22 2018;43426
4,523;Nov 26 2018;43430
4,546;Nov 27 2018;43431
4,560;Nov 28 2018;43432
4,580;Nov 29 2018;43433
4,600;Nov 30 2018;43434
4,605;Dec 3 2018;43437
4,592;Dec 4 2018;43438
4,564;Dec 5 2018;43439
4,524;Dec 6 2018;43440
4,548;Dec 7 2018;43441
4,475;Dec 10 2018;43444
4,464;Dec 11 2018;43445
4,560;Dec 12 2018;43446
4,510;Dec 13 2018;43447
4,506;Dec 14 2018;43448
4,539;Dec 17 2018;43451
4,471;Dec 18 2018;43452
4,470;Dec 19 2018;43453
4,398;Dec 20 2018;43454
4,311;Dec 21 2018;43455
4,152;Dec 25 2018;43459
4,079;Dec 26 2018;43460
4,218;Dec 27 2018;43461
4,236;Dec 28 2018;43462
4,162;Jan 4 2019;43469
4,245;Jan 7 2019;43472
4,223;Jan 8 2019;43473
4,293;Jan 9 2019;43474
4,225;Jan 10 2019;43475
4,260;Jan 11 2019;43476
4,329;Jan 15 2019;43480
4,280;Jan 16 2019;43481
4,222;Jan 17 2019;43482
4,265;Jan 18 2019;43483
4,268;Jan 21 2019;43486
4,269;Jan 22 2019;43487
4,195;Jan 23 2019;43488
4,211;Jan 24 2019;43489
4,235;Jan 25 2019;43490
4,231;Jan 28 2019;43493
4,182;Jan 29 2019;43494
4,166;Jan 30 2019;43495
4,188;Jan 31 2019;43496
4,195;Feb 1 2019;43497
4,236;Feb 4 2019;43500
4,252;Feb 5 2019;43501
4,217;Feb 6 2019;43502
4,172;Feb 7 2019;43503
4,072;Feb 8 2019;43504
4,147;Feb 12 2019;43508
4,255;Feb 13 2019;43509
4,232;Feb 14 2019;43510
4,195;Feb 15 2019;43511
4,402;Feb 18 2019;43514
4,372;Feb 19 2019;43515
4,397;Feb 20 2019;43516