3,78;Feb 20 2014;41690
3,76;Feb 21 2014;41691
3,77;Feb 24 2014;41694
3,75;Feb 25 2014;41695
3,71;Feb 26 2014;41696
3,71;Feb 27 2014;41697
3,72;Feb 28 2014;41698
3,59;Mar 3 2014;41701
3,76;Mar 4 2014;41702
3,87;Mar 5 2014;41703
3,86;Mar 6 2014;41704
3,81;Mar 7 2014;41705
3,83;Mar 10 2014;41708
3,82;Mar 11 2014;41709
3,87;Mar 12 2014;41710
3,94;Mar 13 2014;41711
3,89;Mar 14 2014;41712
4,04;Mar 17 2014;41715
4,09;Mar 18 2014;41716
4,10;Mar 19 2014;41717
4,13;Mar 20 2014;41718
4,03;Mar 21 2014;41719
3,94;Mar 24 2014;41722
4,01;Mar 25 2014;41723
4,06;Mar 26 2014;41724
4,06;Mar 27 2014;41725
4,11;Mar 28 2014;41726
4,11;Mar 31 2014;41729
4,10;Apr 1 2014;41730
4,03;Apr 2 2014;41731
4,11;Apr 3 2014;41732
4,12;Apr 4 2014;41733
4,10;Apr 7 2014;41736
4,08;Apr 8 2014;41737
4,14;Apr 9 2014;41738
4,03;Apr 10 2014;41739
3,96;Apr 11 2014;41740
4,01;Apr 14 2014;41743
3,92;Apr 15 2014;41744
4,08;Apr 16 2014;41745
4,08;Apr 17 2014;41746
4,14;Apr 22 2014;41751
4,09;Apr 23 2014;41752
4,12;Apr 24 2014;41753
4,00;Apr 25 2014;41754
4,03;Apr 28 2014;41757
4,12;Apr 29 2014;41758
4,07;Apr 30 2014;41759
4,06;May 2 2014;41761
4,03;May 5 2014;41764
3,98;May 6 2014;41765
4,01;May 7 2014;41766
4,22;May 8 2014;41767
4,19;May 9 2014;41768
4,23;May 12 2014;41771
4,19;May 13 2014;41772
4,16;May 14 2014;41773
4,00;May 15 2014;41774
4,01;May 16 2014;41775
3,98;May 19 2014;41778
3,98;May 20 2014;41779
4,05;May 21 2014;41780
3,96;May 22 2014;41781
4,06;May 23 2014;41782
4,20;May 26 2014;41785
4,18;May 27 2014;41786
4,23;May 28 2014;41787
4,16;May 29 2014;41788
4,15;May 30 2014;41789
4,17;June 2 2014;41792
4,14;June 3 2014;41793
4,16;June 4 2014;41794
4,23;June 5 2014;41795
4,27;June 6 2014;41796
4,33;June 9 2014;41799
4,39;June 10 2014;41800
4,36;June 11 2014;41801
4,33;June 12 2014;41802
4,35;June 13 2014;41803
4,36;June 16 2014;41806
4,38;June 17 2014;41807
4,37;June 18 2014;41808
4,46;June 19 2014;41809
4,44;June 20 2014;41810
4,29;June 23 2014;41813
4,32;June 24 2014;41814
4,25;June 25 2014;41815
4,23;June 26 2014;41816
4,19;June 27 2014;41817
4,25;June 30 2014;41820
4,31;July 1 2014;41821
4,38;July 2 2014;41822
4,34;July 3 2014;41823
4,31;July 4 2014;41824
4,24;July 7 2014;41827
4,14;July 8 2014;41828
4,19;July 9 2014;41829
4,14;July 10 2014;41830
4,20;July 11 2014;41831
4,21;July 14 2014;41834
4,11;July 15 2014;41835
4,25;July 16 2014;41836
4,12;July 17 2014;41837
4,16;July 18 2014;41838
4,11;July 21 2014;41841
4,29;July 22 2014;41842
4,24;July 23 2014;41843
4,29;July 24 2014;41844
4,26;July 25 2014;41845
4,24;July 28 2014;41848
4,31;July 29 2014;41849
4,26;July 30 2014;41850
4,26;July 31 2014;41851
4,16;Aug 1 2014;41852
4,17;Aug 4 2014;41855
4,07;Aug 5 2014;41856
3,92;Aug 6 2014;41857
3,80;Aug 7 2014;41858
3,76;Aug 8 2014;41859
3,84;Aug 11 2014;41862
3,84;Aug 12 2014;41863
3,90;Aug 13 2014;41864
3,90;Aug 14 2014;41865
3,93;Aug 18 2014;41869
3,89;Aug 19 2014;41870
3,90;Aug 20 2014;41871
3,97;Aug 21 2014;41872
3,92;Aug 22 2014;41873
4,06;Aug 25 2014;41876
4,12;Aug 26 2014;41877
4,13;Aug 27 2014;41878
4,01;Aug 28 2014;41879
4,03;Aug 29 2014;41880
4,02;Sep 1 2014;41883
4,00;Sep 2 2014;41884
4,14;Sep 3 2014;41885
4,25;Sep 4 2014;41886
4,23;Sep 5 2014;41887
4,21;Sep 8 2014;41890
4,20;Sep 9 2014;41891
4,20;Sep 10 2014;41892
4,20;Sep 11 2014;41893
4,22;Sep 12 2014;41894
4,16;Sep 15 2014;41897
4,15;Sep 16 2014;41898
4,20;Sep 17 2014;41899
4,20;Sep 18 2014;41900
4,17;Sep 19 2014;41901
4,16;Sep 22 2014;41904
4,06;Sep 23 2014;41905
4,14;Sep 24 2014;41906
4,11;Sep 25 2014;41907
4,19;Sep 26 2014;41908
4,13;Sep 29 2014;41911
4,20;Sep 30 2014;41912
4,15;Oct 1 2014;41913
3,99;Oct 2 2014;41914
4,07;Oct 3 2014;41915
4,01;Oct 6 2014;41918
3,92;Oct 7 2014;41919
3,90;Oct 8 2014;41920
3,88;Oct 9 2014;41921
3,85;Oct 10 2014;41922
3,81;Oct 13 2014;41925
3,80;Oct 14 2014;41926
3,62;Oct 15 2014;41927
3,55;Oct 16 2014;41928
3,65;Oct 17 2014;41929
3,66;Oct 20 2014;41932
3,74;Oct 21 2014;41933
3,78;Oct 22 2014;41934
3,83;Oct 23 2014;41935
3,85;Oct 24 2014;41936
3,80;Oct 27 2014;41939
3,92;Oct 28 2014;41940
3,92;Oct 29 2014;41941
3,91;Oct 30 2014;41942
4,07;Oct 31 2014;41943
3,90;Nov 3 2014;41946
3,85;Nov 4 2014;41947
3,97;Nov 5 2014;41948
3,93;Nov 6 2014;41949
3,82;Nov 7 2014;41950
3,92;Nov 10 2014;41953
3,93;Nov 11 2014;41954
3,70;Nov 12 2014;41955
3,67;Nov 13 2014;41956
3,69;Nov 14 2014;41957
3,71;Nov 17 2014;41960
3,73;Nov 18 2014;41961
3,69;Nov 19 2014;41962
3,61;Nov 20 2014;41963
3,77;Nov 21 2014;41964
3,73;Nov 24 2014;41967
3,78;Nov 25 2014;41968
3,82;Nov 26 2014;41969
3,89;Nov 27 2014;41970
3,88;Nov 28 2014;41971
3,84;Dec 1 2014;41974
3,84;Dec 2 2014;41975
3,87;Dec 3 2014;41976
3,79;Dec 4 2014;41977
3,96;Dec 5 2014;41978
3,94;Dec 8 2014;41981
3,77;Dec 9 2014;41982
3,76;Dec 10 2014;41983
3,77;Dec 11 2014;41984
3,62;Dec 12 2014;41985
3,53;Dec 15 2014;41988
3,66;Dec 16 2014;41989
3,60;Dec 17 2014;41990
3,69;Dec 18 2014;41991
3,68;Dec 19 2014;41992
3,71;Dec 22 2014;41995
3,79;Dec 23 2014;41996
3,72;Dec 29 2014;42002
3,70;Dec 30 2014;42003
3,68;Jan 2 2015;42006
3,44;Jan 5 2015;42009
3,49;Jan 6 2015;42010
3,49;Jan 7 2015;42011
3,64;Jan 8 2015;42012
3,46;Jan 9 2015;42013
3,45;Jan 12 2015;42016
3,54;Jan 13 2015;42017
3,48;Jan 14 2015;42018
3,62;Jan 15 2015;42019
3,72;Jan 16 2015;42020
3,70;Jan 19 2015;42023
3,76;Jan 20 2015;42024
3,83;Jan 21 2015;42025
3,95;Jan 22 2015;42026
3,98;Jan 23 2015;42027
4,08;Jan 26 2015;42030
4,02;Jan 27 2015;42031
4,00;Jan 28 2015;42032
4,04;Jan 29 2015;42033
4,01;Jan 30 2015;42034
3,96;Feb 2 2015;42037
4,07;Feb 3 2015;42038
4,04;Feb 4 2015;42039
3,92;Feb 5 2015;42040
3,90;Feb 6 2015;42041
3,80;Feb 9 2015;42044
3,84;Feb 10 2015;42045
3,86;Feb 11 2015;42046
3,88;Feb 12 2015;42047
3,90;Feb 13 2015;42048
3,86;Feb 16 2015;42051
3,87;Feb 17 2015;42052
3,91;Feb 18 2015;42053
3,95;Feb 19 2015;42054
3,95;Feb 20 2015;42055
3,97;Feb 23 2015;42058
4,06;Feb 24 2015;42059
4,05;Feb 25 2015;42060
4,03;Feb 26 2015;42061
4,12;Feb 27 2015;42062
4,16;Mar 2 2015;42065
4,07;Mar 3 2015;42066
4,11;Mar 4 2015;42067
4,14;Mar 5 2015;42068
4,09;Mar 6 2015;42069
4,08;Mar 9 2015;42072
4,04;Mar 10 2015;42073
4,17;Mar 11 2015;42074
4,12;Mar 12 2015;42075
4,11;Mar 13 2015;42076
4,14;Mar 16 2015;42079
4,13;Mar 17 2015;42080
4,13;Mar 18 2015;42081
4,26;Mar 19 2015;42082
4,35;Mar 20 2015;42083
4,28;Mar 23 2015;42086
4,34;Mar 24 2015;42087
4,29;Mar 25 2015;42088
4,22;Mar 26 2015;42089
4,24;Mar 27 2015;42090
4,24;Mar 30 2015;42093
4,21;Mar 31 2015;42094
4,34;Apr 1 2015;42095
4,31;Apr 2 2015;42096
4,40;Apr 7 2015;42101
4,33;Apr 8 2015;42102
4,39;Apr 9 2015;42103
4,40;Apr 10 2015;42104
4,46;Apr 13 2015;42107
4,40;Apr 14 2015;42108
4,44;Apr 15 2015;42109
4,35;Apr 16 2015;42110
4,26;Apr 17 2015;42111
4,30;Apr 20 2015;42114
4,26;Apr 21 2015;42115
4,21;Apr 22 2015;42116
4,23;Apr 23 2015;42117
4,35;Apr 24 2015;42118
4,34;Apr 27 2015;42121
4,33;Apr 28 2015;42122
4,24;Apr 29 2015;42123
4,24;Apr 30 2015;42124
4,24;May 4 2015;42128
4,08;May 5 2015;42129
4,12;May 6 2015;42130
4,06;May 7 2015;42131
4,23;May 8 2015;42132
4,20;May 11 2015;42135
4,16;May 12 2015;42136
4,19;May 13 2015;42137
4,26;May 14 2015;42138
4,20;May 15 2015;42139
4,21;May 18 2015;42142
4,34;May 19 2015;42143
4,40;May 20 2015;42144
4,40;May 21 2015;42145
4,41;May 22 2015;42146
4,32;May 25 2015;42149
4,35;May 26 2015;42150
4,45;May 27 2015;42151
4,46;May 28 2015;42152
4,42;May 29 2015;42153
4,41;June 1 2015;42156
4,40;June 2 2015;42157
4,37;June 3 2015;42158
4,27;June 4 2015;42159
4,21;June 5 2015;42160
4,19;June 8 2015;42163
4,16;June 9 2015;42164
4,25;June 10 2015;42165
4,27;June 11 2015;42166
4,21;June 12 2015;42167
4,12;June 15 2015;42170
4,13;June 16 2015;42171
4,12;June 17 2015;42172
4,21;June 18 2015;42173
4,27;June 19 2015;42174
4,23;June 22 2015;42177
4,22;June 23 2015;42178
4,19;June 24 2015;42179
4,24;June 25 2015;42180
4,36;June 26 2015;42181
4,12;June 29 2015;42184
4,06;June 30 2015;42185
4,15;July 1 2015;42186
4,13;July 2 2015;42187
4,12;July 3 2015;42188
3,94;July 6 2015;42191
3,87;July 7 2015;42192
3,96;July 8 2015;42193
4,12;July 9 2015;42194
4,23;July 10 2015;42195
4,28;July 13 2015;42198
4,27;July 14 2015;42199
4,34;July 15 2015;42200
4,38;July 16 2015;42201
4,35;July 17 2015;42202
4,41;July 20 2015;42205
4,35;July 21 2015;42206
4,36;July 22 2015;42207
4,30;July 23 2015;42208
4,28;July 24 2015;42209
4,20;July 27 2015;42212
4,28;July 28 2015;42213
4,25;July 29 2015;42214
4,22;July 30 2015;42215
4,29;July 31 2015;42216
4,34;Aug 3 2015;42219
4,31;Aug 4 2015;42220
4,39;Aug 5 2015;42221
4,36;Aug 6 2015;42222
4,38;Aug 7 2015;42223
4,40;Aug 10 2015;42226
4,36;Aug 11 2015;42227
4,21;Aug 12 2015;42228
4,28;Aug 13 2015;42229
4,23;Aug 14 2015;42230
4,29;Aug 17 2015;42233
4,26;Aug 18 2015;42234
4,16;Aug 19 2015;42235
4,06;Aug 20 2015;42236
3,97;Aug 21 2015;42237
3,73;Aug 24 2015;42240
3,96;Aug 25 2015;42241
3,88;Aug 26 2015;42242
4,07;Aug 27 2015;42243
4,05;Aug 28 2015;42244
4,02;Aug 31 2015;42247
3,91;Sep 1 2015;42248
3,91;Sep 2 2015;42249
4,01;Sep 3 2015;42250
3,91;Sep 4 2015;42251
3,98;Sep 7 2015;42254
4,04;Sep 8 2015;42255
4,07;Sep 9 2015;42256
3,99;Sep 10 2015;42257
3,99;Sep 11 2015;42258
3,99;Sep 14 2015;42261
4,02;Sep 15 2015;42262
4,05;Sep 16 2015;42263
4,02;Sep 17 2015;42264
3,88;Sep 18 2015;42265
3,98;Sep 21 2015;42268
3,81;Sep 22 2015;42269
3,87;Sep 23 2015;42270
3,78;Sep 24 2015;42271
3,94;Sep 25 2015;42272
3,85;Sep 28 2015;42275
3,86;Sep 29 2015;42276
3,99;Sep 30 2015;42277
3,89;Oct 1 2015;42278
3,97;Oct 2 2015;42279
4,01;Oct 5 2015;42282
4,08;Oct 6 2015;42283
4,03;Oct 7 2015;42284
4,00;Oct 8 2015;42285
4,05;Oct 9 2015;42286
4,01;Oct 12 2015;42289
4,02;Oct 13 2015;42290
4,04;Oct 14 2015;42291
4,10;Oct 15 2015;42292
4,12;Oct 16 2015;42293
4,11;Oct 19 2015;42296
4,10;Oct 20 2015;42297
4,07;Oct 21 2015;42298
4,18;Oct 22 2015;42299
4,23;Oct 23 2015;42300
4,23;Oct 26 2015;42303
4,15;Oct 27 2015;42304
4,23;Oct 28 2015;42305
4,14;Oct 29 2015;42306
4,20;Oct 30 2015;42307
4,24;Nov 2 2015;42310
4,21;Nov 3 2015;42311
4,20;Nov 4 2015;42312
4,14;Nov 5 2015;42313
4,19;Nov 6 2015;42314
4,08;Nov 9 2015;42317
4,15;Nov 10 2015;42318
4,11;Nov 11 2015;42319
4,02;Nov 12 2015;42320
4,08;Nov 13 2015;42321
4,11;Nov 16 2015;42324
4,21;Nov 17 2015;42325
4,09;Nov 18 2015;42326
4,10;Nov 19 2015;42327
4,11;Nov 20 2015;42328
4,12;Nov 23 2015;42331
4,05;Nov 24 2015;42332
4,13;Nov 25 2015;42333
4,16;Nov 26 2015;42334
4,15;Nov 27 2015;42335
4,17;Nov 30 2015;42338
4,16;Dec 1 2015;42339
4,17;Dec 2 2015;42340
4,09;Dec 3 2015;42341
4,07;Dec 4 2015;42342
4,08;Dec 7 2015;42345
3,99;Dec 8 2015;42346
4,03;Dec 9 2015;42347
3,97;Dec 10 2015;42348
3,88;Dec 11 2015;42349
3,75;Dec 14 2015;42352
3,90;Dec 15 2015;42353
3,90;Dec 16 2015;42354
3,99;Dec 17 2015;42355
3,92;Dec 18 2015;42356
3,85;Dec 21 2015;42359
3,82;Dec 22 2015;42360
3,90;Dec 23 2015;42361
3,88;Dec 28 2015;42366
3,92;Dec 29 2015;42367
3,89;Dec 30 2015;42368
3,78;Jan 4 2016;42373
3,85;Jan 5 2016;42374
3,76;Jan 6 2016;42375
3,77;Jan 7 2016;42376
3,74;Jan 8 2016;42377
3,75;Jan 11 2016;42380
3,72;Jan 12 2016;42381
3,78;Jan 13 2016;42382
3,74;Jan 14 2016;42383
3,67;Jan 15 2016;42384
3,60;Jan 18 2016;42387
3,65;Jan 19 2016;42388
3,54;Jan 20 2016;42389
3,65;Jan 21 2016;42390
3,73;Jan 22 2016;42391
3,71;Jan 25 2016;42394
3,76;Jan 26 2016;42395
3,81;Jan 27 2016;42396
3,67;Jan 28 2016;42397
3,77;Jan 29 2016;42398
3,76;Feb 1 2016;42401
3,70;Feb 2 2016;42402
3,63;Feb 3 2016;42403
3,65;Feb 4 2016;42404
3,55;Feb 5 2016;42405
3,50;Feb 8 2016;42408
3,49;Feb 9 2016;42409
3,53;Feb 10 2016;42410
3,40;Feb 11 2016;42411
3,54;Feb 12 2016;42412
3,66;Feb 15 2016;42415
3,63;Feb 16 2016;42416
3,64;Feb 17 2016;42417
3,63;Feb 18 2016;42418
3,62;Feb 19 2016;42419
3,73;Feb 22 2016;42422
3,64;Feb 23 2016;42423
3,54;Feb 24 2016;42424
3,64;Feb 25 2016;42425
3,68;Feb 26 2016;42426
3,70;Feb 29 2016;42429
3,74;Mar 1 2016;42430
3,74;Mar 2 2016;42431
3,71;Mar 3 2016;42432
3,71;Mar 4 2016;42433
3,66;Mar 7 2016;42436
3,68;Mar 8 2016;42437
3,79;Mar 9 2016;42438
3,81;Mar 10 2016;42439
3,91;Mar 11 2016;42440
3,90;Mar 14 2016;42443
3,89;Mar 15 2016;42444
3,90;Mar 16 2016;42445
3,93;Mar 17 2016;42446
3,92;Mar 18 2016;42447
3,92;Mar 21 2016;42450
3,91;Mar 22 2016;42451
3,89;Mar 23 2016;42452
3,91;Mar 24 2016;42453
3,97;Mar 29 2016;42458
4,00;Mar 30 2016;42459
3,90;Mar 31 2016;42460
3,88;Apr 1 2016;42461
3,84;Apr 4 2016;42464
3,71;Apr 5 2016;42465
3,73;Apr 6 2016;42466
3,66;Apr 7 2016;42467
3,76;Apr 8 2016;42468
3,78;Apr 11 2016;42471
3,75;Apr 12 2016;42472
3,82;Apr 13 2016;42473
3,84;Apr 14 2016;42474
3,81;Apr 15 2016;42475
3,88;Apr 18 2016;42478
3,93;Apr 19 2016;42479
3,93;Apr 20 2016;42480
3,90;Apr 21 2016;42481
3,90;Apr 22 2016;42482
3,88;Apr 25 2016;42485
3,93;Apr 26 2016;42486
3,98;Apr 27 2016;42487
4,05;Apr 28 2016;42488
3,96;Apr 29 2016;42489
3,96;May 2 2016;42492
3,89;May 3 2016;42493
3,90;May 4 2016;42494
3,94;May 5 2016;42495
3,90;May 6 2016;42496
3,89;May 9 2016;42499
3,98;May 10 2016;42500
3,97;May 11 2016;42501
4,01;May 12 2016;42502
4,01;May 13 2016;42503
4,02;May 16 2016;42506
3,95;May 17 2016;42507
3,98;May 18 2016;42508
3,94;May 19 2016;42509
3,99;May 20 2016;42510
3,95;May 23 2016;42513
4,06;May 24 2016;42514
4,07;May 25 2016;42515
4,11;May 26 2016;42516
4,10;May 27 2016;42517
4,12;May 30 2016;42520
4,07;May 31 2016;42521
4,04;June 1 2016;42522
4,05;June 2 2016;42523
4,02;June 3 2016;42524
4,05;June 6 2016;42527
4,11;June 7 2016;42528
4,13;June 8 2016;42529
4,12;June 9 2016;42530
3,98;June 10 2016;42531
3,92;June 13 2016;42534
3,85;June 14 2016;42535
3,91;June 15 2016;42536
3,93;June 16 2016;42537
4,02;June 17 2016;42538
3,96;June 20 2016;42541
3,97;June 21 2016;42542
3,91;June 22 2016;42543
4,00;June 23 2016;42544
3,60;June 24 2016;42545
3,59;June 27 2016;42548
3,74;June 28 2016;42549
3,90;June 29 2016;42550
3,98;June 30 2016;42551
3,98;July 1 2016;42552
3,98;July 4 2016;42555
3,96;July 5 2016;42556
3,88;July 6 2016;42557
3,86;July 7 2016;42558
3,93;July 8 2016;42559
3,96;July 11 2016;42562
3,98;July 12 2016;42563
3,98;July 13 2016;42564
3,99;July 14 2016;42565
3,99;July 15 2016;42566
4,00;July 18 2016;42569
3,97;July 19 2016;42570
3,98;July 20 2016;42571
4,02;July 21 2016;42572
4,03;July 22 2016;42573
4,03;July 25 2016;42576
4,02;July 26 2016;42577
4,02;July 27 2016;42578
4,01;July 28 2016;42579
4,12;July 29 2016;42580
4,10;Aug 1 2016;42583
4,04;Aug 2 2016;42584
4,03;Aug 3 2016;42585
4,04;Aug 4 2016;42586
4,09;Aug 5 2016;42587
4,07;Aug 8 2016;42590
4,06;Aug 9 2016;42591
4,05;Aug 10 2016;42592
4,11;Aug 11 2016;42593
4,10;Aug 12 2016;42594
4,01;Aug 16 2016;42598
3,93;Aug 17 2016;42599
3,94;Aug 18 2016;42600
3,89;Aug 19 2016;42601
3,90;Aug 22 2016;42604
3,94;Aug 23 2016;42605
3,94;Aug 24 2016;42606
3,95;Aug 25 2016;42607
3,98;Aug 26 2016;42608
3,92;Aug 29 2016;42611
3,96;Aug 30 2016;42612
3,96;Aug 31 2016;42613
3,95;Sep 1 2016;42614
4,04;Sep 2 2016;42615
4,04;Sep 5 2016;42618
4,02;Sep 6 2016;42619
4,13;Sep 7 2016;42620
4,11;Sep 8 2016;42621
4,05;Sep 9 2016;42622
3,97;Sep 12 2016;42625
3,91;Sep 13 2016;42626
3,92;Sep 14 2016;42627
3,94;Sep 15 2016;42628
3,88;Sep 16 2016;42629
3,94;Sep 19 2016;42632
3,93;Sep 20 2016;42633
3,91;Sep 21 2016;42634
4,04;Sep 22 2016;42635
3,97;Sep 23 2016;42636
3,92;Sep 26 2016;42639
3,93;Sep 27 2016;42640
3,96;Sep 28 2016;42641
3,97;Sep 29 2016;42642
3,97;Sep 30 2016;42643
3,91;Oct 3 2016;42646
3,91;Oct 4 2016;42647
3,85;Oct 5 2016;42648
3,83;Oct 6 2016;42649
3,77;Oct 7 2016;42650
3,83;Oct 10 2016;42653
3,79;Oct 11 2016;42654
3,74;Oct 12 2016;42655
3,76;Oct 13 2016;42656
3,84;Oct 14 2016;42657
3,82;Oct 17 2016;42660
3,91;Oct 18 2016;42661
3,92;Oct 19 2016;42662
3,95;Oct 20 2016;42663
3,94;Oct 21 2016;42664
3,91;Oct 24 2016;42667
3,91;Oct 25 2016;42668
3,95;Oct 26 2016;42669
3,94;Oct 27 2016;42670
3,94;Oct 28 2016;42671
3,92;Oct 31 2016;42674
3,92;Nov 1 2016;42675
3,85;Nov 2 2016;42676
3,83;Nov 3 2016;42677
3,82;Nov 4 2016;42678
3,84;Nov 7 2016;42681
3,87;Nov 8 2016;42682
3,78;Nov 9 2016;42683
3,65;Nov 10 2016;42684
3,64;Nov 11 2016;42685
3,61;Nov 14 2016;42688
3,65;Nov 15 2016;42689
3,65;Nov 16 2016;42690
3,70;Nov 17 2016;42691
3,62;Nov 18 2016;42692
3,65;Nov 21 2016;42695
3,76;Nov 22 2016;42696
3,74;Nov 23 2016;42697
3,73;Nov 24 2016;42698
3,74;Nov 25 2016;42699
3,70;Nov 28 2016;42702
3,79;Nov 29 2016;42703
3,81;Nov 30 2016;42704
3,79;Dec 1 2016;42705
3,83;Dec 2 2016;42706
3,74;Dec 5 2016;42709
3,93;Dec 6 2016;42710
3,95;Dec 7 2016;42711
3,96;Dec 8 2016;42712
3,97;Dec 9 2016;42713
4,01;Dec 12 2016;42716
4,09;Dec 13 2016;42717
4,04;Dec 14 2016;42718
4,08;Dec 15 2016;42719
4,02;Dec 16 2016;42720
4,06;Dec 19 2016;42723
4,12;Dec 20 2016;42724
4,09;Dec 21 2016;42725
4,07;Dec 22 2016;42726
4,12;Dec 23 2016;42727
4,16;Dec 27 2016;42731
4,14;Dec 28 2016;42732
4,16;Dec 29 2016;42733
4,19;Dec 30 2016;42734
4,22;Jan 2 2017;42737
4,17;Jan 3 2017;42738
4,17;Jan 4 2017;42739
4,18;Jan 5 2017;42740
4,16;Jan 6 2017;42741
4,15;Jan 9 2017;42744
4,12;Jan 10 2017;42745
4,14;Jan 11 2017;42746
4,13;Jan 12 2017;42747
4,16;Jan 13 2017;42748
4,10;Jan 16 2017;42751
4,14;Jan 17 2017;42752
4,15;Jan 18 2017;42753
4,13;Jan 19 2017;42754
4,14;Jan 20 2017;42755
4,08;Jan 23 2017;42758
4,08;Jan 24 2017;42759
4,01;Jan 25 2017;42760
3,98;Jan 26 2017;42761
3,93;Jan 27 2017;42762
3,85;Jan 30 2017;42765
3,86;Jan 31 2017;42766
3,87;Feb 1 2017;42767
3,89;Feb 2 2017;42768
3,92;Feb 3 2017;42769
3,84;Feb 6 2017;42772
3,87;Feb 7 2017;42773
3,98;Feb 8 2017;42774
4,04;Feb 9 2017;42775
4,05;Feb 10 2017;42776
4,03;Feb 13 2017;42779
4,02;Feb 14 2017;42780
3,96;Feb 15 2017;42781
4,02;Feb 16 2017;42782
4,04;Feb 17 2017;42783
4,00;Feb 20 2017;42786
4,01;Feb 21 2017;42787
3,96;Feb 22 2017;42788
3,97;Feb 23 2017;42789
4,00;Feb 24 2017;42790
4,06;Feb 27 2017;42793
4,05;Feb 28 2017;42794
4,09;Mar 1 2017;42795
4,13;Mar 2 2017;42796
4,13;Mar 3 2017;42797
4,13;Mar 6 2017;42800
4,14;Mar 7 2017;42801
4,17;Mar 8 2017;42802
4,19;Mar 9 2017;42803
4,18;Mar 10 2017;42804
4,18;Mar 13 2017;42807
4,17;Mar 14 2017;42808
4,16;Mar 15 2017;42809
4,25;Mar 16 2017;42810
4,21;Mar 17 2017;42811
4,19;Mar 20 2017;42814
4,22;Mar 21 2017;42815
4,25;Mar 22 2017;42816
4,30;Mar 23 2017;42817
4,29;Mar 24 2017;42818
4,31;Mar 27 2017;42821
4,34;Mar 28 2017;42822
4,35;Mar 29 2017;42823
4,37;Mar 30 2017;42824
4,41;Mar 31 2017;42825
4,41;Apr 3 2017;42828
4,40;Apr 4 2017;42829
4,38;Apr 5 2017;42830
4,40;Apr 6 2017;42831
4,40;Apr 7 2017;42832
4,35;Apr 10 2017;42835
4,38;Apr 11 2017;42836
4,38;Apr 12 2017;42837
4,33;Apr 13 2017;42838
4,24;Apr 18 2017;42843
4,30;Apr 19 2017;42844
4,24;Apr 20 2017;42845
4,19;Apr 21 2017;42846
4,45;Apr 24 2017;42849
4,43;Apr 25 2017;42850
4,41;Apr 26 2017;42851
4,40;Apr 27 2017;42852
4,36;Apr 28 2017;42853
4,42;May 2 2017;42857
4,43;May 3 2017;42858
4,53;May 4 2017;42859
4,58;May 5 2017;42860
4,57;May 8 2017;42863
4,55;May 9 2017;42864
4,57;May 10 2017;42865
4,56;May 11 2017;42866
4,57;May 12 2017;42867
4,57;May 15 2017;42870
4,68;May 16 2017;42871
4,63;May 17 2017;42872
4,64;May 18 2017;42873
4,68;May 19 2017;42874
4,73;May 22 2017;42877
4,79;May 23 2017;42878
4,74;May 24 2017;42879
4,77;May 25 2017;42880
4,81;May 26 2017;42881
4,70;May 29 2017;42884
4,73;May 30 2017;42885
4,76;May 31 2017;42886
4,78;June 1 2017;42887
4,73;June 2 2017;42888
4,71;June 5 2017;42891
4,78;June 6 2017;42892
4,80;June 7 2017;42893
4,94;June 8 2017;42894
4,90;June 9 2017;42895
4,84;June 12 2017;42898
4,85;June 13 2017;42899
4,85;June 14 2017;42900
4,86;June 15 2017;42901
4,92;June 16 2017;42902
4,93;June 19 2017;42905
4,89;June 20 2017;42906
4,98;June 21 2017;42907
4,93;June 22 2017;42908
4,90;June 23 2017;42909
4,95;June 26 2017;42912
4,80;June 27 2017;42913
4,84;June 28 2017;42914
4,74;June 29 2017;42915
4,69;June 30 2017;42916
4,76;July 3 2017;42919
4,74;July 4 2017;42920
4,69;July 5 2017;42921
4,70;July 6 2017;42922
4,72;July 7 2017;42923
4,80;July 10 2017;42926
4,79;July 11 2017;42927
4,87;July 12 2017;42928
4,97;July 13 2017;42929
4,97;July 14 2017;42930
4,92;July 17 2017;42933
4,96;July 18 2017;42934
4,97;July 19 2017;42935
4,92;July 20 2017;42936
4,91;July 21 2017;42937
4,86;July 24 2017;42940
4,80;July 25 2017;42941
4,86;July 26 2017;42942
4,89;July 27 2017;42943
4,81;July 28 2017;42944
4,82;July 31 2017;42947
4,89;Aug 1 2017;42948
4,88;Aug 2 2017;42949
4,94;Aug 3 2017;42950
4,98;Aug 4 2017;42951
4,98;Aug 7 2017;42954
5,01;Aug 8 2017;42955
4,97;Aug 9 2017;42956
4,92;Aug 10 2017;42957
4,89;Aug 11 2017;42958
5,03;Aug 14 2017;42961
5,07;Aug 16 2017;42963
5,03;Aug 17 2017;42964
5,07;Aug 18 2017;42965
5,07;Aug 21 2017;42968
5,04;Aug 22 2017;42969
4,98;Aug 23 2017;42970
5,08;Aug 24 2017;42971
5,10;Aug 25 2017;42972
5,08;Aug 28 2017;42975
5,03;Aug 29 2017;42976
5,09;Aug 30 2017;42977
5,09;Aug 31 2017;42978
5,14;Sep 1 2017;42979
5,11;Sep 4 2017;42982
5,12;Sep 5 2017;42983
5,15;Sep 6 2017;42984
5,19;Sep 7 2017;42985
5,18;Sep 8 2017;42986
5,25;Sep 11 2017;42989
5,20;Sep 12 2017;42990
5,16;Sep 13 2017;42991
5,14;Sep 14 2017;42992
5,11;Sep 15 2017;42993
5,15;Sep 18 2017;42996
5,14;Sep 19 2017;42997
5,12;Sep 20 2017;42998
5,13;Sep 21 2017;42999
5,10;Sep 22 2017;43000
5,10;Sep 25 2017;43003
5,10;Sep 26 2017;43004
5,11;Sep 27 2017;43005
5,04;Sep 28 2017;43006
5,10;Sep 29 2017;43007
5,11;Oct 2 2017;43010
5,05;Oct 3 2017;43011
4,97;Oct 4 2017;43012
5,05;Oct 5 2017;43013
4,98;Oct 6 2017;43014
5,08;Oct 9 2017;43017
5,11;Oct 10 2017;43018
5,20;Oct 11 2017;43019
5,17;Oct 12 2017;43020
5,17;Oct 13 2017;43021
5,15;Oct 16 2017;43024
5,19;Oct 17 2017;43025
5,17;Oct 18 2017;43026
5,16;Oct 19 2017;43027
5,18;Oct 20 2017;43028
5,22;Oct 23 2017;43031
5,20;Oct 24 2017;43032
5,12;Oct 25 2017;43033
5,29;Oct 26 2017;43034
5,29;Oct 27 2017;43035
5,32;Oct 30 2017;43038
5,33;Oct 31 2017;43039
5,39;Nov 1 2017;43040
5,37;Nov 2 2017;43041
5,38;Nov 3 2017;43042
5,39;Nov 6 2017;43045
5,40;Nov 7 2017;43046
5,36;Nov 8 2017;43047
5,34;Nov 9 2017;43048
5,28;Nov 10 2017;43049
5,26;Nov 13 2017;43052
5,28;Nov 14 2017;43053
5,27;Nov 15 2017;43054
5,30;Nov 16 2017;43055
5,22;Nov 17 2017;43056
5,23;Nov 20 2017;43059
5,36;Nov 21 2017;43060
5,31;Nov 22 2017;43061
5,39;Nov 23 2017;43062
5,36;Nov 24 2017;43063
5,33;Nov 27 2017;43066
5,41;Nov 28 2017;43067
5,48;Nov 29 2017;43068
5,46;Nov 30 2017;43069
5,37;Dec 1 2017;43070
5,47;Dec 4 2017;43073
5,53;Dec 5 2017;43074
5,53;Dec 6 2017;43075
5,55;Dec 7 2017;43076
5,58;Dec 8 2017;43077
5,51;Dec 11 2017;43080
5,51;Dec 12 2017;43081
5,43;Dec 13 2017;43082
5,34;Dec 14 2017;43083
5,36;Dec 15 2017;43084
5,46;Dec 18 2017;43087
5,32;Dec 19 2017;43088
5,28;Dec 20 2017;43089
5,29;Dec 21 2017;43090
5,29;Dec 22 2017;43091
5,24;Dec 27 2017;43096
5,19;Dec 28 2017;43097
5,13;Dec 29 2017;43098
5,11;Jan 2 2018;43102
5,08;Jan 3 2018;43103
5,24;Jan 4 2018;43104
5,34;Jan 5 2018;43105
5,33;Jan 8 2018;43108
5,33;Jan 9 2018;43109
5,23;Jan 10 2018;43110
5,22;Jan 11 2018;43111
5,25;Jan 12 2018;43112
5,30;Jan 15 2018;43115
5,37;Jan 16 2018;43116
5,39;Jan 17 2018;43117
5,36;Jan 18 2018;43118
5,39;Jan 19 2018;43119
5,27;Jan 22 2018;43122
5,24;Jan 23 2018;43123
5,18;Jan 24 2018;43124
5,16;Jan 25 2018;43125
5,18;Jan 26 2018;43126
5,12;Jan 29 2018;43129
5,07;Jan 30 2018;43130
5,11;Jan 31 2018;43131
5,07;Feb 1 2018;43132
4,97;Feb 2 2018;43133
4,91;Feb 5 2018;43136
4,77;Feb 6 2018;43137
4,87;Feb 7 2018;43138
4,72;Feb 8 2018;43139
4,63;Feb 9 2018;43140
4,69;Feb 12 2018;43143
4,65;Feb 13 2018;43144
4,78;Feb 14 2018;43145
4,79;Feb 15 2018;43146
4,86;Feb 16 2018;43147
4,78;Feb 19 2018;43150
4,77;Feb 20 2018;43151
4,70;Feb 21 2018;43152
4,72;Feb 22 2018;43153
4,84;Feb 23 2018;43154
4,83;Feb 26 2018;43157
4,84;Feb 27 2018;43158
4,78;Feb 28 2018;43159
4,76;Mar 1 2018;43160
4,66;Mar 2 2018;43161
4,70;Mar 5 2018;43164
4,73;Mar 6 2018;43165
4,78;Mar 7 2018;43166
4,84;Mar 8 2018;43167
4,84;Mar 9 2018;43168
4,83;Mar 12 2018;43171
4,87;Mar 13 2018;43172
4,85;Mar 14 2018;43173
4,88;Mar 15 2018;43174
4,93;Mar 16 2018;43175
4,85;Mar 19 2018;43178
4,88;Mar 20 2018;43179
4,87;Mar 21 2018;43180
4,80;Mar 22 2018;43181
4,85;Mar 23 2018;43182
4,79;Mar 26 2018;43185
4,80;Mar 27 2018;43186
4,97;Mar 28 2018;43187
4,97;Mar 29 2018;43188
4,96;Apr 3 2018;43193
4,96;Apr 4 2018;43194
5,05;Apr 5 2018;43195
5,05;Apr 6 2018;43196
5,08;Apr 9 2018;43199
5,08;Apr 10 2018;43200
5,06;Apr 11 2018;43201
5,11;Apr 12 2018;43202
5,11;Apr 13 2018;43203
5,08;Apr 16 2018;43206
5,16;Apr 17 2018;43207
5,20;Apr 18 2018;43208
5,19;Apr 19 2018;43209
5,17;Apr 20 2018;43210
5,20;Apr 23 2018;43213
5,18;Apr 24 2018;43214
5,20;Apr 25 2018;43215
5,26;Apr 26 2018;43216
5,25;Apr 27 2018;43217
5,27;Apr 30 2018;43220
5,34;May 2 2018;43222
5,32;May 3 2018;43223
5,39;May 4 2018;43224
5,39;May 7 2018;43227
5,25;May 8 2018;43228
5,24;May 9 2018;43229
5,07;May 10 2018;43230
5,07;May 11 2018;43231
5,11;May 14 2018;43234
5,14;May 15 2018;43235
4,95;May 16 2018;43236
4,98;May 17 2018;43237
4,90;May 18 2018;43238
4,90;May 21 2018;43241
4,88;May 22 2018;43242
4,88;May 23 2018;43243
4,86;May 24 2018;43244
4,75;May 25 2018;43245
4,71;May 28 2018;43248
4,60;May 29 2018;43249
4,75;May 30 2018;43250
4,70;May 31 2018;43251
4,73;June 1 2018;43252
4,79;June 4 2018;43255
4,70;June 5 2018;43256
4,69;June 6 2018;43257
4,68;June 7 2018;43258
4,59;June 8 2018;43259
4,76;June 11 2018;43262
4,77;June 12 2018;43263
4,78;June 13 2018;43264
4,87;June 14 2018;43265
4,87;June 15 2018;43266
4,83;June 18 2018;43269
4,83;June 19 2018;43270
4,82;June 20 2018;43271
4,71;June 21 2018;43272
4,75;June 22 2018;43273
4,68;June 25 2018;43276
4,72;June 26 2018;43277
4,77;June 27 2018;43278
4,74;June 28 2018;43279
4,76;June 29 2018;43280
4,74;July 2 2018;43283
4,82;July 3 2018;43284
4,80;July 4 2018;43285
4,85;July 5 2018;43286
4,89;July 6 2018;43287
4,85;July 9 2018;43290
4,85;July 10 2018;43291
4,81;July 11 2018;43292
4,86;July 12 2018;43293
4,87;July 13 2018;43294
4,85;July 16 2018;43297
4,88;July 17 2018;43298
4,91;July 18 2018;43299
4,90;July 19 2018;43300
4,91;July 20 2018;43301
4,73;July 23 2018;43304
4,69;July 24 2018;43305
4,66;July 25 2018;43306
4,68;July 26 2018;43307
4,72;July 27 2018;43308
4,70;July 30 2018;43311
4,77;July 31 2018;43312
4,59;Aug 1 2018;43313
4,50;Aug 2 2018;43314
4,53;Aug 3 2018;43315
4,53;Aug 6 2018;43318
4,59;Aug 7 2018;43319
4,58;Aug 8 2018;43320
4,56;Aug 9 2018;43321
4,47;Aug 10 2018;43322
4,45;Aug 13 2018;43325
4,48;Aug 14 2018;43326
4,43;Aug 16 2018;43328
4,43;Aug 17 2018;43329
4,41;Aug 20 2018;43332
4,46;Aug 21 2018;43333
4,44;Aug 22 2018;43334
4,39;Aug 23 2018;43335
4,41;Aug 24 2018;43336
4,39;Aug 27 2018;43339
4,36;Aug 28 2018;43340
4,37;Aug 29 2018;43341
4,31;Aug 30 2018;43342
4,26;Aug 31 2018;43343
4,24;Sep 3 2018;43346
4,29;Sep 4 2018;43347
4,29;Sep 5 2018;43348
4,38;Sep 6 2018;43349
4,40;Sep 7 2018;43350
4,56;Sep 10 2018;43353
4,59;Sep 11 2018;43354
4,56;Sep 12 2018;43355
4,53;Sep 13 2018;43356
4,52;Sep 14 2018;43357
4,56;Sep 17 2018;43360
4,55;Sep 18 2018;43361
4,51;Sep 19 2018;43362
4,55;Sep 20 2018;43363
4,63;Sep 21 2018;43364
4,57;Sep 24 2018;43367
4,60;Sep 25 2018;43368
4,61;Sep 26 2018;43369
4,58;Sep 27 2018;43370
4,41;Sep 28 2018;43371
4,38;Oct 1 2018;43374
4,41;Oct 2 2018;43375
4,52;Oct 3 2018;43376
4,46;Oct 4 2018;43377
4,42;Oct 5 2018;43378
4,38;Oct 8 2018;43381
4,41;Oct 9 2018;43382
4,38;Oct 10 2018;43383
4,35;Oct 11 2018;43384
4,29;Oct 12 2018;43385
4,31;Oct 15 2018;43388
4,45;Oct 16 2018;43389
4,41;Oct 17 2018;43390
4,36;Oct 18 2018;43391
4,43;Oct 19 2018;43392
4,44;Oct 22 2018;43395
4,41;Oct 23 2018;43396
4,38;Oct 24 2018;43397
4,44;Oct 25 2018;43398
4,38;Oct 26 2018;43399
4,40;Oct 29 2018;43402
4,39;Oct 30 2018;43403
4,33;Oct 31 2018;43404
4,38;Nov 1 2018;43405
4,41;Nov 2 2018;43406
4,43;Nov 5 2018;43409
4,42;Nov 6 2018;43410
4,50;Nov 7 2018;43411
4,47;Nov 8 2018;43412
4,48;Nov 9 2018;43413
4,46;Nov 12 2018;43416
4,47;Nov 13 2018;43417
4,49;Nov 14 2018;43418
4,45;Nov 15 2018;43419
4,50;Nov 16 2018;43420
4,56;Nov 19 2018;43423
4,60;Nov 20 2018;43424
4,66;Nov 21 2018;43425
4,66;Nov 22 2018;43426
4,71;Nov 23 2018;43427
4,76;Nov 26 2018;43430
4,76;Nov 27 2018;43431
4,78;Nov 28 2018;43432
4,76;Nov 29 2018;43433
4,79;Nov 30 2018;43434
4,81;Dec 3 2018;43437
4,80;Dec 4 2018;43438
4,83;Dec 5 2018;43439
4,75;Dec 6 2018;43440
4,75;Dec 7 2018;43441
4,74;Dec 10 2018;43444
4,81;Dec 11 2018;43445
4,93;Dec 12 2018;43446
5,02;Dec 13 2018;43447
5,02;Dec 14 2018;43448
5,01;Dec 17 2018;43451
5,01;Dec 18 2018;43452
5,12;Dec 19 2018;43453
5,15;Dec 20 2018;43454
5,19;Dec 21 2018;43455
5,05;Dec 27 2018;43461
5,04;Dec 28 2018;43462
5,08;Jan 2 2019;43467
5,09;Jan 3 2019;43468
5,16;Jan 4 2019;43469
5,15;Jan 7 2019;43472
5,18;Jan 8 2019;43473
5,16;Jan 9 2019;43474
5,25;Jan 10 2019;43475
5,20;Jan 11 2019;43476
5,21;Jan 14 2019;43479
5,22;Jan 15 2019;43480
5,22;Jan 16 2019;43481
5,24;Jan 17 2019;43482
5,31;Jan 18 2019;43483
5,19;Jan 21 2019;43486
5,17;Jan 22 2019;43487
5,13;Jan 23 2019;43488
5,18;Jan 24 2019;43489
5,19;Jan 25 2019;43490
5,16;Jan 28 2019;43493
5,24;Jan 29 2019;43494
5,23;Jan 30 2019;43495
5,27;Jan 31 2019;43496
5,17;Feb 1 2019;43497
5,18;Feb 4 2019;43500
5,17;Feb 5 2019;43501
5,18;Feb 6 2019;43502
5,13;Feb 7 2019;43503
5,10;Feb 8 2019;43504
5,14;Feb 11 2019;43507
5,20;Feb 12 2019;43508
5,22;Feb 13 2019;43509
5,21;Feb 14 2019;43510
5,24;Feb 15 2019;43511
5,24;Feb 18 2019;43514
5,23;Feb 19 2019;43515
5,23;Feb 20 2019;43516