40p;Feb 20 2014;41690
40p;Feb 21 2014;41691
43p;Feb 24 2014;41694
44p;Feb 25 2014;41695
40p;Feb 26 2014;41696
39p;Feb 27 2014;41697
40p;Feb 28 2014;41698
37p;Mar 3 2014;41701
41p;Mar 4 2014;41702
36p;Mar 5 2014;41703
34p;Mar 6 2014;41704
37p;Mar 7 2014;41705
34p;Mar 10 2014;41708
34p;Mar 11 2014;41709
31p;Mar 12 2014;41710
30p;Mar 13 2014;41711
28p;Mar 14 2014;41712
29p;Mar 17 2014;41715
31p;Mar 18 2014;41716
11p;Mar 19 2014;41717
13p;Mar 20 2014;41718
06p;Mar 21 2014;41719
08p;Mar 24 2014;41722
10p;Mar 25 2014;41723
15p;Mar 26 2014;41724
12p;Mar 27 2014;41725
05p;Mar 28 2014;41726
05p;Mar 31 2014;41729
12p;Apr 1 2014;41730
12p;Apr 2 2014;41731
11p;Apr 3 2014;41732
18p;Apr 4 2014;41733
16p;Apr 7 2014;41736
14p;Apr 8 2014;41737
13p;Apr 9 2014;41738
12p;Apr 10 2014;41739
11p;Apr 11 2014;41740
11p;Apr 14 2014;41743
07p;Apr 15 2014;41744
08p;Apr 16 2014;41745
11p;Apr 17 2014;41746
12p;Apr 22 2014;41751
07p;Apr 23 2014;41752
05p;Apr 24 2014;41753
08p;Apr 25 2014;41754
06p;Apr 28 2014;41757
13p;Apr 29 2014;41758
12p;Apr 30 2014;41759
12p;May 1 2014;41760
14p;May 2 2014;41761
14p;May 6 2014;41765
20p;May 7 2014;41766
22p;May 8 2014;41767
22p;May 9 2014;41768
27p;May 12 2014;41771
28p;May 13 2014;41772
27p;May 14 2014;41773
27p;May 15 2014;41774
27p;May 16 2014;41775
25p;May 19 2014;41778
23p;May 20 2014;41779
23p;May 21 2014;41780
25p;May 22 2014;41781
25p;May 23 2014;41782
29p;May 27 2014;41786
29p;May 28 2014;41787
30p;May 29 2014;41788
30p;May 30 2014;41789
33p;June 2 2014;41792
30p;June 3 2014;41793
31p;June 4 2014;41794
31p;June 5 2014;41795
36p;June 6 2014;41796
35p;June 9 2014;41799
34p;June 10 2014;41800
32p;June 11 2014;41801
31p;June 12 2014;41802
28p;June 13 2014;41803
25p;June 16 2014;41806
26p;June 17 2014;41807
25p;June 18 2014;41808
26p;June 19 2014;41809
27p;June 20 2014;41810
27p;June 23 2014;41813
27p;June 24 2014;41814
24p;June 25 2014;41815
25p;June 26 2014;41816
26p;June 27 2014;41817
25p;June 30 2014;41820
27p;July 1 2014;41821
27p;July 2 2014;41822
29p;July 3 2014;41823
28p;July 4 2014;41824
27p;July 7 2014;41827
26p;July 8 2014;41828
25p;July 9 2014;41829
25p;July 10 2014;41830
26p;July 11 2014;41831
30p;July 14 2014;41834
30p;July 15 2014;41835
34p;July 16 2014;41836
33p;July 17 2014;41837
35p;July 18 2014;41838
35p;July 21 2014;41841
35p;July 22 2014;41842
36p;July 23 2014;41843
37p;July 24 2014;41844
36p;July 25 2014;41845
35p;July 28 2014;41848
35p;July 29 2014;41849
35p;July 30 2014;41850
34p;July 31 2014;41851
32p;Aug 1 2014;41852
33p;Aug 4 2014;41855
32p;Aug 5 2014;41856
32p;Aug 6 2014;41857
38p;Aug 7 2014;41858
38p;Aug 8 2014;41859
37p;Aug 11 2014;41862
37p;Aug 12 2014;41863
39p;Aug 13 2014;41864
39p;Aug 14 2014;41865
38p;Aug 15 2014;41866
38p;Aug 18 2014;41869
40p;Aug 19 2014;41870
41p;Aug 20 2014;41871
42p;Aug 21 2014;41872
41p;Aug 22 2014;41873
42p;Aug 26 2014;41877
41p;Aug 27 2014;41878
40p;Aug 28 2014;41879
42p;Aug 29 2014;41880
41p;Sep 1 2014;41883
42p;Sep 2 2014;41884
43p;Sep 3 2014;41885
43p;Sep 4 2014;41886
42p;Sep 5 2014;41887
39p;Sep 8 2014;41890
39p;Sep 9 2014;41891
38p;Sep 10 2014;41892
37p;Sep 11 2014;41893
38p;Sep 12 2014;41894
37p;Sep 15 2014;41897
35p;Sep 16 2014;41898
37p;Sep 17 2014;41899
39p;Sep 18 2014;41900
39p;Sep 19 2014;41901
38p;Sep 22 2014;41904
36p;Sep 23 2014;41905
35p;Sep 24 2014;41906
35p;Sep 25 2014;41907
34p;Sep 26 2014;41908
34p;Sep 29 2014;41911
29p;Sep 30 2014;41912
28p;Oct 1 2014;41913
25p;Oct 2 2014;41914
28p;Oct 3 2014;41915
27p;Oct 6 2014;41918
25p;Oct 7 2014;41919
28p;Oct 8 2014;41920
23p;Oct 9 2014;41921
20p;Oct 10 2014;41922
23p;Oct 13 2014;41925
23p;Oct 14 2014;41926
17p;Oct 15 2014;41927
14p;Oct 16 2014;41928
20p;Oct 17 2014;41929
21p;Oct 20 2014;41932
25p;Oct 21 2014;41933
26p;Oct 22 2014;41934
25p;Oct 23 2014;41935
23p;Oct 24 2014;41936
23p;Oct 27 2014;41939
25p;Oct 28 2014;41940
25p;Oct 29 2014;41941
28p;Oct 30 2014;41942
31p;Oct 31 2014;41943
31p;Nov 3 2014;41946
35p;Nov 4 2014;41947
38p;Nov 5 2014;41948
37p;Nov 6 2014;41949
36p;Nov 7 2014;41950
38p;Nov 10 2014;41953
41p;Nov 11 2014;41954
41p;Nov 12 2014;41955
43p;Nov 13 2014;41956
43p;Nov 14 2014;41957
45p;Nov 17 2014;41960
44p;Nov 18 2014;41961
45p;Nov 19 2014;41962
45p;Nov 20 2014;41963
46p;Nov 21 2014;41964
44p;Nov 24 2014;41967
45p;Nov 25 2014;41968
44p;Nov 26 2014;41969
45p;Nov 27 2014;41970
47p;Nov 28 2014;41971
45p;Dec 1 2014;41974
47p;Dec 2 2014;41975
46p;Dec 3 2014;41976
45p;Dec 4 2014;41977
47p;Dec 5 2014;41978
46p;Dec 8 2014;41981
40p;Dec 9 2014;41982
41p;Dec 10 2014;41983
47p;Dec 11 2014;41984
40p;Dec 12 2014;41985
34p;Dec 15 2014;41988
36p;Dec 16 2014;41989
34p;Dec 17 2014;41990
41p;Dec 18 2014;41991
43p;Dec 19 2014;41992
45p;Dec 22 2014;41995
48p;Dec 23 2014;41996
49p;Dec 24 2014;41997
48p;Dec 29 2014;42002
47p;Dec 30 2014;42003
49p;Dec 31 2014;42004
46p;Jan 2 2015;42006
43p;Jan 5 2015;42009
39p;Jan 6 2015;42010
41p;Jan 7 2015;42011
45p;Jan 8 2015;42012
44p;Jan 9 2015;42013
45p;Jan 12 2015;42016
47p;Jan 13 2015;42017
43p;Jan 14 2015;42018
48p;Jan 15 2015;42019
50p;Jan 16 2015;42020
54p;Jan 19 2015;42023
56p;Jan 20 2015;42024
59p;Jan 21 2015;42025
61p;Jan 22 2015;42026
66p;Jan 23 2015;42027
66p;Jan 26 2015;42030
65p;Jan 27 2015;42031
69p;Jan 28 2015;42032
69p;Jan 29 2015;42033
68p;Jan 30 2015;42034
67p;Feb 2 2015;42037
71p;Feb 3 2015;42038
71p;Feb 4 2015;42039
68p;Feb 5 2015;42040
69p;Feb 6 2015;42041
67p;Feb 9 2015;42044
71p;Feb 10 2015;42045
71p;Feb 11 2015;42046
70p;Feb 12 2015;42047
70p;Feb 13 2015;42048
70p;Feb 16 2015;42051
71p;Feb 17 2015;42052
71p;Feb 18 2015;42053
73p;Feb 19 2015;42054
73p;Feb 20 2015;42055
76p;Feb 23 2015;42058
77p;Feb 24 2015;42059
78p;Feb 25 2015;42060
78p;Feb 26 2015;42061
80p;Feb 27 2015;42062
80p;Mar 2 2015;42065
78p;Mar 3 2015;42066
70p;Mar 4 2015;42067
78p;Mar 5 2015;42068
81p;Mar 6 2015;42069
84p;Mar 9 2015;42072
83p;Mar 10 2015;42073
83p;Mar 11 2015;42074
85p;Mar 12 2015;42075
86p;Mar 13 2015;42076
91p;Mar 16 2015;42079
88p;Mar 17 2015;42080
92p;Mar 18 2015;42081
93p;Mar 19 2015;42082
93p;Mar 20 2015;42083
93p;Mar 23 2015;42086
94p;Mar 24 2015;42087
91p;Mar 25 2015;42088
84p;Mar 26 2015;42089
81p;Mar 27 2015;42090
83p;Mar 30 2015;42093
79p;Mar 31 2015;42094
81p;Apr 1 2015;42095
81p;Apr 2 2015;42096
83p;Apr 7 2015;42101
83p;Apr 8 2015;42102
85p;Apr 9 2015;42103
87p;Apr 10 2015;42104
85p;Apr 13 2015;42107
83p;Apr 14 2015;42108
82p;Apr 15 2015;42109
82p;Apr 16 2015;42110
78p;Apr 17 2015;42111
79p;Apr 20 2015;42114
79p;Apr 21 2015;42115
77p;Apr 22 2015;42116
65p;Apr 23 2015;42117
63p;Apr 24 2015;42118
64p;Apr 27 2015;42121
59p;Apr 28 2015;42122
58p;Apr 29 2015;42123
60p;Apr 30 2015;42124
57p;May 1 2015;42125
57p;May 5 2015;42129
59p;May 6 2015;42130
62p;May 7 2015;42131
69p;May 8 2015;42132
69p;May 11 2015;42135
63p;May 12 2015;42136
64p;May 13 2015;42137
65p;May 14 2015;42138
66p;May 15 2015;42139
66p;May 18 2015;42142
70p;May 19 2015;42143
69p;May 20 2015;42144
70p;May 21 2015;42145
69p;May 22 2015;42146
68p;May 26 2015;42150
70p;May 27 2015;42151
69p;May 28 2015;42152
66p;May 29 2015;42153
62p;June 1 2015;42156
63p;June 2 2015;42157
65p;June 3 2015;42158
67p;June 4 2015;42159
64p;June 5 2015;42160
63p;June 8 2015;42163
60p;June 9 2015;42164
64p;June 10 2015;42165
66p;June 11 2015;42166
64p;June 12 2015;42167
61p;June 15 2015;42170
58p;June 16 2015;42171
55p;June 17 2015;42172
56p;June 18 2015;42173
54p;June 19 2015;42174
58p;June 22 2015;42177
59p;June 23 2015;42178
60p;June 24 2015;42179
58p;June 25 2015;42180
55p;June 26 2015;42181
51p;June 29 2015;42184
49p;June 30 2015;42185
53p;July 1 2015;42186
51p;July 2 2015;42187
50p;July 3 2015;42188
49p;July 6 2015;42191
45p;July 7 2015;42192
48p;July 8 2015;42193
57p;July 9 2015;42194
64p;July 10 2015;42195
67p;July 13 2015;42198
68p;July 14 2015;42199
69p;July 15 2015;42200
72p;July 16 2015;42201
72p;July 17 2015;42202
73p;July 20 2015;42205
71p;July 21 2015;42206
66p;July 22 2015;42207
64p;July 23 2015;42208
62p;July 24 2015;42209
58p;July 27 2015;42212
59p;July 28 2015;42213
59p;July 29 2015;42214
60p;July 30 2015;42215
61p;July 31 2015;42216
60p;Aug 3 2015;42219
63p;Aug 4 2015;42220
71p;Aug 5 2015;42221
75p;Aug 6 2015;42222
74p;Aug 7 2015;42223
76p;Aug 10 2015;42226
74p;Aug 11 2015;42227
71p;Aug 12 2015;42228
70p;Aug 13 2015;42229
68p;Aug 14 2015;42230
67p;Aug 17 2015;42233
65p;Aug 18 2015;42234
62p;Aug 19 2015;42235
59p;Aug 20 2015;42236
53p;Aug 21 2015;42237
44p;Aug 24 2015;42240
54p;Aug 25 2015;42241
48p;Aug 26 2015;42242
54p;Aug 27 2015;42243
53p;Aug 28 2015;42244
47p;Sep 1 2015;42248
49p;Sep 2 2015;42249
53p;Sep 3 2015;42250
47p;Sep 4 2015;42251
51p;Sep 7 2015;42254
53p;Sep 8 2015;42255
57p;Sep 9 2015;42256
55p;Sep 10 2015;42257
53p;Sep 11 2015;42258
52p;Sep 14 2015;42261
51p;Sep 15 2015;42262
52p;Sep 16 2015;42263
50p;Sep 17 2015;42264
45p;Sep 18 2015;42265
48p;Sep 21 2015;42268
39p;Sep 22 2015;42269
43p;Sep 23 2015;42270
38p;Sep 24 2015;42271
45p;Sep 25 2015;42272
38p;Sep 28 2015;42275
30p;Sep 29 2015;42276
38p;Sep 30 2015;42277
37p;Oct 1 2015;42278
43p;Oct 2 2015;42279
51p;Oct 5 2015;42282
47p;Oct 6 2015;42283
51p;Oct 7 2015;42284
52p;Oct 8 2015;42285
51p;Oct 9 2015;42286
51p;Oct 12 2015;42289
47p;Oct 13 2015;42290
43p;Oct 14 2015;42291
46p;Oct 15 2015;42292
49p;Oct 16 2015;42293
49p;Oct 19 2015;42296
50p;Oct 20 2015;42297
52p;Oct 21 2015;42298
54p;Oct 22 2015;42299
57p;Oct 23 2015;42300
57p;Oct 26 2015;42303
59p;Oct 27 2015;42304
63p;Oct 28 2015;42305
63p;Oct 29 2015;42306
62p;Oct 30 2015;42307
63p;Nov 2 2015;42310
62p;Nov 3 2015;42311
68p;Nov 4 2015;42312
69p;Nov 5 2015;42313
68p;Nov 6 2015;42314
67p;Nov 9 2015;42317
65p;Nov 10 2015;42318
68p;Nov 11 2015;42319
64p;Nov 12 2015;42320
62p;Nov 13 2015;42321
63p;Nov 16 2015;42324
68p;Nov 17 2015;42325
66p;Nov 18 2015;42326
68p;Nov 19 2015;42327
69p;Nov 20 2015;42328
68p;Nov 23 2015;42331
68p;Nov 24 2015;42332
72p;Nov 25 2015;42333
71p;Nov 26 2015;42334
73p;Nov 27 2015;42335
72p;Nov 30 2015;42338
75p;Dec 1 2015;42339
73p;Dec 2 2015;42340
67p;Dec 3 2015;42341
67p;Dec 4 2015;42342
68p;Dec 7 2015;42345
65p;Dec 8 2015;42346
64p;Dec 9 2015;42347
63p;Dec 10 2015;42348
58p;Dec 11 2015;42349
53p;Dec 14 2015;42352
60p;Dec 15 2015;42353
62p;Dec 16 2015;42354
63p;Dec 17 2015;42355
62p;Dec 18 2015;42356
63p;Dec 21 2015;42359
63p;Dec 22 2015;42360
68p;Dec 23 2015;42361
69p;Dec 24 2015;42362
72p;Dec 29 2015;42367
70p;Dec 30 2015;42368
68p;Dec 31 2015;42369
59p;Jan 4 2016;42373
62p;Jan 5 2016;42374
56p;Jan 6 2016;42375
47p;Jan 7 2016;42376
46p;Jan 8 2016;42377
45p;Jan 11 2016;42380
46p;Jan 12 2016;42381
48p;Jan 13 2016;42382
45p;Jan 14 2016;42383
39p;Jan 15 2016;42384
39p;Jan 18 2016;42387
45p;Jan 19 2016;42388
34p;Jan 20 2016;42389
36p;Jan 21 2016;42390
38p;Jan 22 2016;42391
35p;Jan 25 2016;42394
35p;Jan 26 2016;42395
37p;Jan 27 2016;42396
34p;Jan 28 2016;42397
44p;Jan 29 2016;42398
40p;Feb 1 2016;42401
24p;Feb 2 2016;42402
18p;Feb 3 2016;42403
16p;Feb 4 2016;42404
12p;Feb 5 2016;42405
03p;Feb 8 2016;42408
02p;Feb 9 2016;42409
10p;Feb 10 2016;42410
00p;Feb 11 2016;42411
08p;Feb 12 2016;42412
12p;Feb 15 2016;42415
12p;Feb 16 2016;42416
27p;Feb 17 2016;42417
23p;Feb 18 2016;42418
22p;Feb 19 2016;42419
25p;Feb 22 2016;42422
19p;Feb 23 2016;42423
14p;Feb 24 2016;42424
20p;Feb 25 2016;42425
26p;Feb 26 2016;42426
27p;Feb 29 2016;42429
36p;Mar 1 2016;42430
37p;Mar 2 2016;42431
36p;Mar 3 2016;42432
40p;Mar 4 2016;42433
37p;Mar 7 2016;42436
34p;Mar 8 2016;42437
35p;Mar 9 2016;42438
35p;Mar 10 2016;42439
42p;Mar 11 2016;42440
44p;Mar 14 2016;42443
28p;Mar 15 2016;42444
35p;Mar 16 2016;42445
38p;Mar 17 2016;42446
41p;Mar 18 2016;42447
41p;Mar 21 2016;42450
39p;Mar 22 2016;42451
39p;Mar 23 2016;42452
31p;Mar 24 2016;42453
33p;Mar 29 2016;42458
35p;Mar 30 2016;42459
35p;Mar 31 2016;42460
31p;Apr 1 2016;42461
32p;Apr 4 2016;42464
29p;Apr 5 2016;42465
33p;Apr 6 2016;42466
28p;Apr 7 2016;42467
34p;Apr 8 2016;42468
34p;Apr 11 2016;42471
38p;Apr 12 2016;42472
44p;Apr 13 2016;42473
43p;Apr 14 2016;42474
39p;Apr 15 2016;42475
40p;Apr 18 2016;42478
44p;Apr 19 2016;42479
45p;Apr 20 2016;42480
47p;Apr 21 2016;42481
45p;Apr 22 2016;42482
43p;Apr 25 2016;42485
41p;Apr 26 2016;42486
38p;Apr 27 2016;42487
27p;Apr 28 2016;42488
23p;Apr 29 2016;42489
19p;May 3 2016;42493
19p;May 4 2016;42494
18p;May 5 2016;42495
16p;May 6 2016;42496
18p;May 9 2016;42499
18p;May 10 2016;42500
17p;May 11 2016;42501
14p;May 12 2016;42502
15p;May 13 2016;42503
17p;May 16 2016;42506
20p;May 17 2016;42507
23p;May 18 2016;42508
21p;May 19 2016;42509
25p;May 20 2016;42510
25p;May 23 2016;42513
37p;May 24 2016;42514
40p;May 25 2016;42515
39p;May 26 2016;42516
40p;May 27 2016;42517
39p;May 31 2016;42521
36p;June 1 2016;42522
36p;June 2 2016;42523
33p;June 3 2016;42524
35p;June 6 2016;42527
33p;June 7 2016;42528
34p;June 8 2016;42529
31p;June 9 2016;42530
23p;June 10 2016;42531
18p;June 13 2016;42534
12p;June 14 2016;42535
14p;June 15 2016;42536
11p;June 16 2016;42537
15p;June 17 2016;42538
26p;June 20 2016;42541
30p;June 21 2016;42542
34p;June 22 2016;42543
36p;June 23 2016;42544
89p;June 24 2016;42545
65p;June 27 2016;42548
78p;June 28 2016;42549
89p;June 29 2016;42550
91p;June 30 2016;42551
91p;July 1 2016;42552
87p;July 4 2016;42555
74p;July 5 2016;42556
67p;July 6 2016;42557
71p;July 7 2016;42558
77p;July 8 2016;42559
84p;July 11 2016;42562
89p;July 12 2016;42563
86p;July 13 2016;42564
90p;July 14 2016;42565
89p;July 15 2016;42566
91p;July 18 2016;42569
91p;July 19 2016;42570
97p;July 20 2016;42571
96p;July 21 2016;42572
95p;July 22 2016;42573
99p;July 25 2016;42576
99p;July 26 2016;42577
04p;July 27 2016;42578
01p;July 28 2016;42579
06p;July 29 2016;42580
06p;Aug 1 2016;42583
05p;Aug 2 2016;42584
05p;Aug 3 2016;42585
09p;Aug 4 2016;42586
14p;Aug 5 2016;42587
18p;Aug 8 2016;42590
06p;Aug 9 2016;42591
13p;Aug 10 2016;42592
13p;Aug 11 2016;42593
13p;Aug 12 2016;42594
16p;Aug 15 2016;42597
12p;Aug 16 2016;42598
11p;Aug 17 2016;42599
08p;Aug 18 2016;42600
06p;Aug 19 2016;42601
07p;Aug 22 2016;42604
10p;Aug 23 2016;42605
10p;Aug 24 2016;42606
07p;Aug 25 2016;42607
07p;Aug 26 2016;42608
09p;Aug 30 2016;42612
10p;Aug 31 2016;42613
11p;Sep 1 2016;42614
16p;Sep 2 2016;42615
16p;Sep 5 2016;42618
14p;Sep 6 2016;42619
14p;Sep 7 2016;42620
17p;Sep 8 2016;42621
16p;Sep 9 2016;42622
10p;Sep 12 2016;42625
07p;Sep 13 2016;42626
09p;Sep 14 2016;42627
11p;Sep 15 2016;42628
09p;Sep 16 2016;42629
13p;Sep 19 2016;42632
15p;Sep 20 2016;42633
23p;Sep 21 2016;42634
24p;Sep 22 2016;42635
24p;Sep 23 2016;42636
19p;Sep 26 2016;42639
16p;Sep 27 2016;42640
19p;Sep 28 2016;42641
19p;Sep 29 2016;42642
19p;Sep 30 2016;42643
17p;Oct 3 2016;42646
21p;Oct 4 2016;42647
22p;Oct 5 2016;42648
22p;Oct 6 2016;42649
21p;Oct7  016;42650
18p;Oct 10  016;42653
15p;Oct 11  016;42654
17p;Oct 12  016;42655
11p;Oct 13  016;42656
11p;Oct 14  016;42657
06p;Oct 17  016;42660
10p;Oct 18  016;42661
08p;Oct 19  016;42662
11p;Oct 20  016;42663
09p;Oct 21  016;42664
10p;Oct 24  016;42667
09p;Oct 25  016;42668
10p;Oct 26  016;42669
10p;Oct 27  016;42670
12p;Oct 28  016;42671
09p;Oct 31  016;42674
10p;Nov 1  016;42675
08p;Nov 2  016;42676
14p;Nov 3  016;42677
08p;Nov 4  016;42678
13p;Nov 7  016;42681
13p;Nov 8  016;42682
22p;Nov 9  016;42683
33p;Nov 10  016;42684
30p;Nov 11  016;42685
35p;Nov 14  016;42688
35p;Nov 15  016;42689
32p;Nov 16  016;42690
34p;Nov 17  016;42691
33p;Nov 18  016;42692
30p;Nov 21  016;42695
35p;Nov 22  016;42696
35p;Nov 23  016;42697
37p;Nov 24  016;42698
38p;Nov 25  016;42699
37p;Nov 28  016;42702
39p;Nov 29  016;42703
36p;Nov 30  016;42704
42p;Dec 1  016;42705
43p;Dec 2  016;42706
42p;Dec 5  016;42709
37p;Dec 6  016;42710
44p;Dec 7  016;42711
45p;Dec 8  016;42712
44p;Dec 9  016;42713
39p;Dec 12  016;42716
40p;Dec 13  016;42717
38p;Dec 14  016;42718
43p;Dec 15  016;42719
43p;Dec 16  016;42720
41p;Dec 19  016;42723
44p;Dec 20  016;42724
46p;Dec 21  016;42725
46p;Dec 22  016;42726
47p;Dec 23  016;42727
46p;Dec 28  016;42732
49p;Dec 29  016;42733
48p;Dec 30  016;42734
49p;Jan 3  017;42738
52p;Jan 4  017;42739
47p;Jan 5  017;42740
50p;Jan 6  017;42741
49p;Jan 9  017;42744
48p;Jan 10  017;42745
47p;Jan 11  017;42746
46p;Jan 12  017;42747
49p;Jan 13  017;42748
46p;Jan 16  017;42751
45p;Jan 17  017;42752
42p;Jan 18  017;42753
41p;Jan 19  017;42754
39p;Jan 20  017;42755
38p;Jan 23  017;42758
40p;Jan 24  017;42759
41p;Jan 25  017;42760
43p;Jan 26  017;42761
44p;Jan 27  017;42762
40p;Jan 30  017;42765
35p;Jan 31  017;42766
36p;Feb 1  017;42767
33p;Feb 2  017;42768
38p;Feb 3  017;42769
36p;Feb 6  017;42772
39p;Feb 7  017;42773
38p;Feb 8  017;42774
42p;Feb 9  017;42775
43p;Feb 10  017;42776
44p;Feb 13  017;42779
44p;Feb 14  017;42780
47p;Feb 15  017;42781
46p;Feb 16  017;42782
44p;Feb 17  017;42783
46p;Feb 20  017;42786
44p;Feb 21  017;42787
45p;Feb 22  017;42788
46p;Feb 23  017;42789
47p;Feb 24  017;42790
47p;Feb 27  017;42793
48p;Feb 28  017;42794
52p;Mar 1  017;42795
52p;Mar 2  017;42796
54p;Mar 3  017;42797
55p;Mar 6  017;42800
54p;Mar 7  017;42801
49p;Mar 8  017;42802
50p;Mar 9  017;42803
49p;Mar 10  017;42804
49p;Mar 13  017;42807
46p;Mar 14  017;42808
49p;Mar 15  017;42809
49p;Mar 16  017;42810
50p;Mar 17  017;42811
51p;Mar 20  017;42814
52p;Mar 21  017;42815
51p;Mar 22  017;42816
49p;Mar 23  017;42817
49p;Mar 24  017;42818
47p;Mar 27  017;42821
48p;Mar 28  017;42822
46p;Mar 29  017;42823
47p;Mar 30  017;42824
47p;Mar 31  017;42825
45p;Apr 3  017;42828
46p;Apr 4  017;42829
45p;Apr 5  017;42830
46p;Apr 6  017;42831
46p;Apr 7  017;42832
46p;Apr 10  017;42835
47p;Apr 11  017;42836
50p;Apr 12  017;42837
52p;Apr 13  017;42838
49p;Apr 18  017;42843
52p;Apr 19  017;42844
53p;Apr 20  017;42845
55p;Apr 21  017;42846
61p;Apr 24  017;42849
61p;Apr 25  017;42850
61p;Apr 26  017;42851
47p;Apr 27  017;42852
46p;Apr 28  017;42853
51p;May 2  017;42857
50p;May 3  017;42858
51p;May 4  017;42859
51p;May 5  017;42860
51p;May 8  017;42863
53p;May 9  017;42864
56p;May 10  017;42865
55p;May 11  017;42866
55p;May 12  017;42867
57p;May 15  017;42870
57p;May 16  017;42871
52p;May 17  017;42872
51p;May 18  017;42873
49p;May 19  017;42874
50p;May 22  017;42877
53p;May 23  017;42878
52p;May 24  017;42879
52p;May 25  017;42880
50p;May 26  017;42881
52p;May 30  017;42885
52p;May 31  017;42886
55p;June 1  017;42887
55p;June 2  017;42888
54p;June 5  017;42891
51p;June 6  017;42892
54p;June 7  017;42893
55p;June 8  017;42894
58p;June 9  017;42895
57p;June 12  017;42898
58p;June 13  017;42899
58p;June 14  017;42900
58p;June 15  017;42901
59p;June 16  017;42902
61p;June 19  017;42905
61p;June 20  017;42906
60p;June 21  017;42907
57p;June 22  017;42908
57p;June 23  017;42909
60p;June 26  017;42912
59p;June 27  017;42913
59p;June 28  017;42914
59p;June 29  017;42915
58p;June 30  017;42916
63p;July 3  017;42919
62p;July 4  017;42920
64p;July 5  017;42921
67p;July 6  017;42922
67p;July 7  017;42923
64p;July 10  017;42926
60p;July 11  017;42927
58p;July 12  017;42928
60p;July 13  017;42929
59p;July 14  017;42930
58p;July 17  017;42933
58p;July 18  017;42934
60p;July 19  017;42935
63p;July 20  017;42936
64p;July 21  017;42937
61p;July 24  017;42940
63p;July 25  017;42941
65p;July 26  017;42942
67p;July 27  017;42943
65p;July 28  017;42944
68p;July 31  017;42947
69p;Aug 1  017;42948
71p;Aug 2  017;42949
73p;Aug 3  017;42950
73p;Aug 4  017;42951
75p;Aug 7  017;42954
76p;Aug 8  017;42955
72p;Aug 9  017;42956
72p;Aug 10  017;42957
69p;Aug 11  017;42958
71p;Aug 14  017;42961
71p;Aug 15  017;42962
73p;Aug 16  017;42963
68p;Aug 17  017;42964
67p;Aug 18  017;42965
64p;Aug 21  017;42968
64p;Aug 22  017;42969
63p;Aug 23  017;42970
65p;Aug 24  017;42971
63p;Aug 25  017;42972
59p;Aug 29  017;42976
59p;Aug 30  017;42977
60p;Aug 31  017;42978
60p;Sep 1  017;42979
58p;Sep 4  017;42982
56p;Sep 5  017;42983
54p;Sep 6  017;42984
53p;Sep 7  017;42985
54p;Sep 8  017;42986
57p;Sep 11  017;42989
58p;Sep 12  017;42990
56p;Sep 13  017;42991
54p;Sep 14  017;42992
52p;Sep 15  017;42993
55p;Sep 18  017;42996
56p;Sep 19  017;42997
57p;Sep 20  017;42998
59p;Sep 21  017;42999
60p;Sep 22  017;43000
57p;Sep 25  017;43003
56p;Sep 26  017;43004
59p;Sep 27  017;43005
59p;Sep 28  017;43006
60p;Sep 29  017;43007
63p;Oct 2  017;43010
62p;Oct 3  017;43011
62p;Oct 4  017;43012
62p;Oct 5  017;43013
63p;Oct 6  017;43014
62p;Oct 9  017;43017
63p;Oct 10  017;43018
63p;Oct 11  017;43019
65p;Oct 12  017;43020
66p;Oct 13  017;43021
66p;Oct 16  017;43024
64p;Oct 17  017;43025
67p;Oct 18  017;43026
66p;Oct 19  017;43027
69p;Oct 20  017;43028
68p;Oct 23  017;43031
68p;Oct 24  017;43032
67p;Oct 25  017;43033
70p;Oct 26  017;43034
69p;Oct 27  017;43035
68p;Oct 30  017;43038
67p;Oct 31  017;43039
69p;Nov 1  017;43040
72p;Nov 2  017;43041
73p;Nov 3  017;43042
71p;Nov 6  017;43045
70p;Nov 7  017;43046
68p;Nov 8  017;43047
66p;Nov 9  017;43048
65p;Nov 10  017;43049
64p;Nov 13  017;43052
66p;Nov 14  017;43053
66p;Nov 15  017;43054
68p;Nov 16  017;43055
69p;Nov 17  017;43056
67p;Nov 20  017;43059
67p;Nov 21  017;43060
65p;Nov 22  017;43061
66p;Nov 23  017;43062
66p;Nov 24  017;43063
66p;Nov 27  017;43066
66p;Nov 28  017;43067
68p;Nov 29  017;43068
67p;Nov 30  017;43069
63p;Dec 1  017;43070
63p;Dec 4  017;43073
64p;Dec 5  017;43074
62p;Dec 6  017;43075
60p;Dec 7  017;43076
64p;Dec 8  017;43077
65p;Dec 11  017;43080
66p;Dec 12  017;43081
66p;Dec 13  017;43082
66p;Dec 14  017;43083
68p;Dec 15  017;43084
70p;Dec 18  017;43087
71p;Dec 19  017;43088
69p;Dec 20  017;43089
70p;Dec 21  017;43090
71p;Dec 22  017;43091
70p;Dec 27  017;43096
71p;Dec 28  017;43097
73p;Dec 29  017;43098
70p;Jan 2  018;43102
69p;Jan 3  018;43103
70p;Jan 4  018;43104
72p;Jan 5  018;43105
71p;Jan 8  018;43108
71p;Jan 9  018;43109
73p;Jan 10  018;43110
72p;Jan 11  018;43111
75p;Jan 12  018;43112
74p;Jan 15  018;43115
75p;Jan 16  018;43116
77p;Jan 17  018;43117
77p;Jan 18  018;43118
76p;Jan 19  018;43119
75p;Jan 22  018;43122
75p;Jan 23  018;43123
74p;Jan 24  018;43124
72p;Jan 25  018;43125
75p;Jan 26  018;43126
76p;Jan 29  018;43129
73p;Jan 30  018;43130
71p;Jan 31  018;43131
70p;Feb 1  018;43132
69p;Feb 2  018;43133
65p;Feb 5  018;43136
54p;Feb 6  018;43137
58p;Feb 7  018;43138
55p;Feb 8  018;43139
50p;Feb 9  018;43140
53p;Feb 12  018;43143
54p;Feb 13  018;43144
53p;Feb 14  018;43145
53p;Feb 15  018;43146
57p;Feb 16  018;43147
55p;Feb 19  018;43150
57p;Feb 20  018;43151
61p;Feb 21  018;43152
60p;Feb 22  018;43153
59p;Feb 23  018;43154
62p;Feb 26  018;43157
63p;Feb 27  018;43158
63p;Feb 28  018;43159
61p;Mar 1  018;43160
53p;Mar 2  018;43161
57p;Mar 5  018;43164
58p;Mar 6  018;43165
60p;Mar 7  018;43166
64p;Mar 8  018;43167
63p;Mar 9  018;43168
63p;Mar 12  018;43171
57p;Mar 13  018;43172
58p;Mar 14  018;43173
62p;Mar 15  018;43174
62p;Mar 16  018;43175
61p;Mar 19  018;43178
64p;Mar 20  018;43179
62p;Mar 21  018;43180
58p;Mar 22  018;43181
54p;Mar 23  018;43182
56p;Mar 26  018;43185
58p;Mar 27  018;43186
57p;Mar 28  018;43187
58p;Mar 29  018;43188
58p;Apr 3  018;43193
57p;Apr 4  018;43194
61p;Apr 5  018;43195
62p;Apr 6  018;43196
64p;Apr 9  018;43199
65p;Apr 10  018;43200
66p;Apr 11  018;43201
70p;Apr 12  018;43202
71p;Apr 13  018;43203
68p;Apr 16  018;43206
70p;Apr 17  018;43207
74p;Apr 18  018;43208
74p;Apr 19  018;43209
75p;Apr 20  018;43210
78p;Apr 23  018;43213
78p;Apr 24  018;43214
78p;Apr 25  018;43215
67p;Apr 26  018;43216
68p;Apr 27  018;43217
70p;Apr 30  018;43220
71p;May 1  018;43221
73p;May 2  018;43222
73p;May 3  018;43223
73p;May 4  018;43224
75p;May 8  018;43228
79p;May 9  018;43229
80p;May 10  018;43230
80p;May 11  018;43231
78p;May 14  018;43234
83p;May 15  018;43235
81p;May 16  018;43236
83p;May 17  018;43237
84p;May 18  018;43238
85p;May 21  018;43241
86p;May 22  018;43242
83p;May 23  018;43243
78p;May 24  018;43244
78p;May 25  018;43245
70p;May 29  018;43249
71p;May 30  018;43250
70p;May 31  018;43251
72p;June 1  018;43252
74p;June 4  018;43255
71p;June 5  018;43256
70p;June 6  018;43257
73p;June 7  018;43258
70p;June 8  018;43259
74p;June 11  018;43262
75p;June 12  018;43263
72p;June 13  018;43264
73p;June 14  018;43265
65p;June 15  018;43266
65p;June 18  018;43269
67p;June 19  018;43270
67p;June 20  018;43271
65p;June 21  018;43272
70p;June 22  018;43273
64p;June 25  018;43276
65p;June 26  018;43277
66p;June 27  018;43278
63p;June 28  018;43279
66p;June 29  018;43280
61p;July 2  018;43283
63p;July 3  018;43284
63p;July 4  018;43285
63p;July 5  018;43286
63p;July 6  018;43287
66p;July 9  018;43290
67p;July 10  018;43291
64p;July 11  018;43292
66p;July 12  018;43293
66p;July 13  018;43294
65p;July 16  018;43297
67p;July 17  018;43298
70p;July 18  018;43299
68p;July 19  018;43300
67p;July 20  018;43301
65p;July 23  018;43304
68p;July 24  018;43305
64p;July 25  018;43306
62p;July 26  018;43307
63p;July 27  018;43308
65p;July 30  018;43311
63p;July 31  018;43312
61p;Aug 1  018;43313
56p;Aug 2  018;43314
59p;Aug 3  018;43315
61p;Aug 6  018;43318
63p;Aug 7  018;43319
65p;Aug 8  018;43320
65p;Aug 9  018;43321
65p;Aug 10  018;43322
65p;Aug 13  018;43325
62p;Aug 14  018;43326
58p;Aug 15  018;43327
55p;Aug 16  018;43328
54p;Aug 17  018;43329
54p;Aug 20  018;43332
56p;Aug 21  018;43333
56p;Aug 22  018;43334
56p;Aug 23  018;43335
57p;Aug 24  018;43336
59p;Aug 28  018;43340
58p;Aug 29  018;43341
57p;Aug 30  018;43342
54p;Aug 31  018;43343
57p;Sep 3  018;43346
55p;Sep 4  018;43347
54p;Sep 5  018;43348
54p;Sep 6  018;43349
52p;Sep 7  018;43350
53p;Sep 10  018;43353
52p;Sep 11  018;43354
51p;Sep 12  018;43355
53p;Sep 13  018;43356
53p;Sep 14  018;43357
53p;Sep 17  018;43360
52p;Sep 18  018;43361
56p;Sep 19  018;43362
60p;Sep 20  018;43363
63p;Sep 21  018;43364
63p;Sep 24  018;43367
63p;Sep 25  018;43368
65p;Sep 26  018;43369
66p;Sep 27  018;43370
62p;Sep 28  018;43371
59p;Oct 1  018;43374
57p;Oct 2  018;43375
57p;Oct 3  018;43376
60p;Oct 4  018;43377
59p;Oct 5  018;43378
58p;Oct 8  018;43381
56p;Oct 9  018;43382
55p;Oct 10  018;43383
46p;Oct 11  018;43384
47p;Oct 12  018;43385
45p;Oct 15  018;43388
44p;Oct 16  018;43389
44p;Oct 17  018;43390
42p;Oct 18  018;43391
40p;Oct 19  018;43392
40p;Oct 22  018;43395
41p;Oct 23  018;43396
41p;Oct 24  018;43397
45p;Oct 25  018;43398
43p;Oct 26  018;43399
48p;Oct 29  018;43402
45p;Oct 30  018;43403
52p;Oct 31  018;43404
55p;Nov 1  018;43405
58p;Nov 2  018;43406
57p;Nov 5  018;43409
55p;Nov 6  018;43410
57p;Nov 7  018;43411
61p;Nov 8  018;43412
62p;Nov 9  018;43413
58p;Nov 12  018;43416
63p;Nov 13  018;43417
63p;Nov 14  018;43418
48p;Nov 15  018;43419
44p;Nov 16  018;43420
46p;Nov 19  018;43423
41p;Nov 20  018;43424
41p;Nov 21  018;43425
39p;Nov 22  018;43426
42p;Nov 23  018;43427
45p;Nov 26  018;43430
46p;Nov 27  018;43431
46p;Nov 28  018;43432
47p;Nov 29  018;43433
45p;Nov 30  018;43434
45p;Dec 3  018;43437
43p;Dec 4  018;43438
42p;Dec 5  018;43439
30p;Dec 6  018;43440
30p;Dec 7  018;43441
28p;Dec 10  018;43444
28p;Dec 11  018;43445
31p;Dec 12  018;43446
30p;Dec 13  018;43447
29p;Dec 14  018;43448
24p;Dec 17  018;43451
27p;Dec 18  018;43452
29p;Dec 19  018;43453
26p;Dec 20  018;43454
27p;Dec 21  018;43455
27p;Dec 24  018;43458
24p;Dec 27  018;43461
33p;Dec 28  018;43462
31p;Dec 31  018;43465
30p;Jan 2  019;43467
28p;Jan 3  019;43468
35p;Jan 4  019;43469
35p;Jan 7  019;43472
39p;Jan 8  019;43473
41p;Jan 9  019;43474
42p;Jan 10  019;43475
43p;Jan 11  019;43476
45p;Jan 14  019;43479
45p;Jan 15  019;43480
53p;Jan 16  019;43481
51p;Jan 17  019;43482
57p;Jan 18  019;43483
58p;Jan 21  019;43486
57p;Jan 22  019;43487
55p;Jan 23  019;43488
57p;Jan 24  019;43489
57p;Jan 25  019;43490
55p;Jan 28  019;43493
61p;Jan 29  019;43494
62p;Jan 30  019;43495
59p;Jan 31  019;43496
61p;Feb 1  019;43497
62p;Feb 4  019;43500
65p;Feb 5  019;43501
67p;Feb 6  019;43502
63p;Feb 7  019;43503
61p;Feb 8  019;43504
64p;Feb 11  019;43507
64p;Feb 12  019;43508
67p;Feb 13  019;43509
64p;Feb 14  019;43510
66p;Feb 15  019;43511
67p;Feb 18  019;43514
69p;Feb 19  019;43515
71p;Feb 20  019;43516