77,92;Feb 20 2014;41690
77,97;Feb 21 2014;41691
77,86;Feb 24 2014;41694
78,12;Feb 25 2014;41695
77,86;Feb 26 2014;41696
78,19;Feb 27 2014;41697
78,66;Feb 28 2014;41698
77,48;Mar 3 2014;41701
78,45;Mar 4 2014;41702
77,82;Mar 5 2014;41703
78,06;Mar 6 2014;41704
78,38;Mar 7 2014;41705
78,53;Mar 10 2014;41708
78,95;Mar 11 2014;41709
79,24;Mar 12 2014;41710
79,19;Mar 13 2014;41711
78,98;Mar 14 2014;41712
79,84;Mar 17 2014;41715
79,77;Mar 18 2014;41716
78,78;Mar 19 2014;41717
78,32;Mar 20 2014;41718
77,88;Mar 21 2014;41719
79,30;Mar 24 2014;41722
79,81;Mar 25 2014;41723
79,50;Mar 26 2014;41724
79,65;Mar 27 2014;41725
79,76;Mar 28 2014;41726
80,60;Mar 31 2014;41729
80,34;Apr 1 2014;41730
80,13;Apr 2 2014;41731
80,10;Apr 3 2014;41732
79,77;Apr 4 2014;41733
80,49;Apr 7 2014;41736
81,35;Apr 8 2014;41737
81,49;Apr 9 2014;41738
81,09;Apr 10 2014;41739
80,76;Apr 11 2014;41740
80,81;Apr 14 2014;41743
80,84;Apr 15 2014;41744
81,65;Apr 16 2014;41745
81,76;Apr 17 2014;41746
81,56;Apr 21 2014;41750
81,25;Apr 22 2014;41751
80,36;Apr 23 2014;41752
81,15;Apr 24 2014;41753
81,41;Apr 25 2014;41754
82,94;Apr 28 2014;41757
82,44;Apr 29 2014;41758
82,55;Apr 30 2014;41759
82,34;May 1 2014;41760
81,92;May 2 2014;41761
81,70;May 5 2014;41764
81,13;May 6 2014;41765
82,09;May 7 2014;41766
82,16;May 8 2014;41767
82,39;May 9 2014;41768
81,73;May 12 2014;41771
81,61;May 13 2014;41772
81,17;May 14 2014;41773
80,53;May 15 2014;41774
80,33;May 16 2014;41775
79,93;May 19 2014;41778
80,23;May 20 2014;41779
80,49;May 21 2014;41780
80,65;May 22 2014;41781
80,52;May 23 2014;41782
80,08;May 27 2014;41786
80,10;May 28 2014;41787
80,40;May 29 2014;41788
80,79;May 30 2014;41789
80,36;June 2 2014;41792
79,93;June 3 2014;41793
79,86;June 4 2014;41794
80,11;June 5 2014;41795
80,03;June 6 2014;41796
80,09;June 9 2014;41799
80,15;June 10 2014;41800
80,06;June 11 2014;41801
79,76;June 12 2014;41802
79,64;June 13 2014;41803
79,69;June 16 2014;41806
79,58;June 17 2014;41807
79,79;June 18 2014;41808
80,24;June 19 2014;41809
79,93;June 20 2014;41810
79,52;June 23 2014;41813
79,01;June 24 2014;41814
79,32;June 25 2014;41815
78,62;June 26 2014;41816
79,02;June 27 2014;41817
78,59;June 30 2014;41820
79,28;July 1 2014;41821
79,56;July 2 2014;41822
79,98;July 3 2014;41823
80,19;July 7 2014;41827
80,56;July 8 2014;41828
81,67;July 9 2014;41829
81,61;July 10 2014;41830
81,16;July 11 2014;41831
81,32;July 14 2014;41834
81,26;July 15 2014;41835
80,94;July 16 2014;41836
80,40;July 17 2014;41837
80,55;July 18 2014;41838
80,28;July 21 2014;41841
80,10;July 22 2014;41842
79,99;July 23 2014;41843
80,26;July 24 2014;41844
79,56;July 25 2014;41845
79,26;July 28 2014;41848
78,65;July 29 2014;41849
78,16;July 30 2014;41850
77,32;July 31 2014;41851
79,65;Aug 1 2014;41852
79,22;Aug 4 2014;41855
79,41;Aug 5 2014;41856
81,09;Aug 6 2014;41857
80,14;Aug 7 2014;41858
80,95;Aug 8 2014;41859
81,48;Aug 11 2014;41862
81,42;Aug 12 2014;41863
81,48;Aug 13 2014;41864
81,95;Aug 14 2014;41865
81,78;Aug 15 2014;41866
82,44;Aug 18 2014;41869
82,69;Aug 19 2014;41870
82,81;Aug 20 2014;41871
83,28;Aug 21 2014;41872
83,39;Aug 22 2014;41873
83,54;Aug 25 2014;41876
83,38;Aug 26 2014;41877
83,31;Aug 27 2014;41878
83,03;Aug 28 2014;41879
83,11;Aug 29 2014;41880
82,98;Sep 2 2014;41884
82,90;Sep 3 2014;41885
83,70;Sep 4 2014;41886
83,77;Sep 5 2014;41887
83,32;Sep 8 2014;41890
82,99;Sep 9 2014;41891
83,64;Sep 10 2014;41892
83,49;Sep 11 2014;41893
83,26;Sep 12 2014;41894
83,87;Sep 15 2014;41897
84,08;Sep 16 2014;41898
84,16;Sep 17 2014;41899
84,19;Sep 18 2014;41900
84,47;Sep 19 2014;41901
84,81;Sep 22 2014;41904
84,44;Sep 23 2014;41905
85,24;Sep 24 2014;41906
84,33;Sep 25 2014;41907
84,58;Sep 26 2014;41908
84,44;Sep 29 2014;41911
83,74;Sep 30 2014;41912
83,14;Oct 1 2014;41913
83,05;Oct 2 2014;41914
83,79;Oct 3 2014;41915
83,57;Oct 6 2014;41918
83,16;Oct 7 2014;41919
84,18;Oct 8 2014;41920
83,66;Oct 9 2014;41921
84,69;Oct 10 2014;41922
83,37;Oct 13 2014;41925
83,55;Oct 14 2014;41926
82,95;Oct 15 2014;41927
82,24;Oct 16 2014;41928
83,27;Oct 17 2014;41929
84,18;Oct 20 2014;41932
84,61;Oct 21 2014;41933
84,23;Oct 22 2014;41934
83,23;Oct 23 2014;41935
85,16;Oct 24 2014;41936
85,95;Oct 27 2014;41939
86,47;Oct 28 2014;41940
86,54;Oct 29 2014;41941
86,94;Oct 30 2014;41942
87,27;Oct 31 2014;41943
87,38;Nov 3 2014;41946
88,64;Nov 4 2014;41947
89,00;Nov 5 2014;41948
88,90;Nov 6 2014;41949
89,13;Nov 7 2014;41950
89,45;Nov 10 2014;41953
89,67;Nov 11 2014;41954
89,48;Nov 12 2014;41955
88,60;Nov 13 2014;41956
88,11;Nov 14 2014;41957
87,84;Nov 17 2014;41960
87,95;Nov 18 2014;41961
88,73;Nov 19 2014;41962
88,47;Nov 20 2014;41963
88,60;Nov 21 2014;41964
88,11;Nov 24 2014;41967
88,80;Nov 25 2014;41968
88,88;Nov 26 2014;41969
90,43;Nov 28 2014;41971
90,08;Dec 1 2014;41974
91,07;Dec 2 2014;41975
90,00;Dec 3 2014;41976
90,58;Dec 4 2014;41977
90,38;Dec 5 2014;41978
90,76;Dec 8 2014;41981
90,71;Dec 9 2014;41982
90,00;Dec 10 2014;41983
90,41;Dec 11 2014;41984
89,55;Dec 12 2014;41985
89,20;Dec 15 2014;41988
89,36;Dec 16 2014;41989
90,70;Dec 17 2014;41990
92,00;Dec 18 2014;41991
92,05;Dec 19 2014;41992
92,60;Dec 22 2014;41995
93,29;Dec 23 2014;41996
93,14;Dec 24 2014;41997
93,46;Dec 26 2014;41999
92,64;Dec 29 2014;42002
92,40;Dec 30 2014;42003
91,09;Dec 31 2014;42004
90,44;Jan 2 2015;42006
90,01;Jan 5 2015;42009
89,60;Jan 6 2015;42010
90,07;Jan 7 2015;42011
91,10;Jan 8 2015;42012
90,25;Jan 9 2015;42013
89,92;Jan 12 2015;42016
90,30;Jan 13 2015;42017
89,99;Jan 14 2015;42018
89,86;Jan 15 2015;42019
91,25;Jan 16 2015;42020
91,19;Jan 20 2015;42024
90,73;Jan 21 2015;42025
91,62;Jan 22 2015;42026
90,08;Jan 23 2015;42027
89,58;Jan 26 2015;42030
86,49;Jan 27 2015;42031
85,15;Jan 28 2015;42032
85,67;Jan 29 2015;42033
84,29;Jan 30 2015;42034
85,12;Feb 2 2015;42037
85,95;Feb 3 2015;42038
85,79;Feb 4 2015;42039
86,70;Feb 5 2015;42040
85,61;Feb 6 2015;42041
85,05;Feb 9 2015;42044
85,39;Feb 10 2015;42045
85,64;Feb 11 2015;42046
86,03;Feb 12 2015;42047
85,90;Feb 13 2015;42048
85,49;Feb 17 2015;42052
86,26;Feb 18 2015;42053
85,21;Feb 19 2015;42054
84,87;Feb 20 2015;42055
85,39;Feb 23 2015;42058
85,50;Feb 24 2015;42059
85,46;Feb 25 2015;42060
85,17;Feb 26 2015;42061
85,13;Feb 27 2015;42062
85,41;Mar 2 2015;42065
85,16;Mar 3 2015;42066
84,35;Mar 4 2015;42067
84,63;Mar 5 2015;42068
82,66;Mar 6 2015;42069
83,09;Mar 9 2015;42072
81,54;Mar 10 2015;42073
81,39;Mar 11 2015;42074
82,09;Mar 12 2015;42075
81,83;Mar 13 2015;42076
83,56;Mar 16 2015;42079
82,85;Mar 17 2015;42080
83,75;Mar 18 2015;42081
83,38;Mar 19 2015;42082
84,74;Mar 20 2015;42083
84,86;Mar 23 2015;42086
83,92;Mar 24 2015;42087
83,01;Mar 25 2015;42088
82,15;Mar 26 2015;42089
82,31;Mar 27 2015;42090
82,72;Mar 30 2015;42093
81,94;Mar 31 2015;42094
82,32;Apr 1 2015;42095
82,43;Apr 2 2015;42096
83,04;Apr 6 2015;42100
82,39;Apr 7 2015;42101
82,77;Apr 8 2015;42102
82,89;Apr 9 2015;42103
83,35;Apr 10 2015;42104
83,43;Apr 13 2015;42107
83,60;Apr 14 2015;42108
83,51;Apr 15 2015;42109
83,50;Apr 16 2015;42110
82,53;Apr 17 2015;42111
82,87;Apr 20 2015;42114
83,08;Apr 21 2015;42115
83,09;Apr 22 2015;42116
80,95;Apr 23 2015;42117
81,00;Apr 24 2015;42118
80,60;Apr 27 2015;42121
80,42;Apr 28 2015;42122
79,85;Apr 29 2015;42123
79,51;Apr 30 2015;42124
80,29;May 1 2015;42125
80,35;May 4 2015;42128
80,07;May 5 2015;42129
80,40;May 6 2015;42130
80,20;May 7 2015;42131
80,96;May 8 2015;42132
80,27;May 11 2015;42135
79,95;May 12 2015;42136
79,70;May 13 2015;42137
80,57;May 14 2015;42138
81,05;May 15 2015;42139
80,74;May 18 2015;42142
80,83;May 19 2015;42143
80,48;May 20 2015;42144
80,41;May 21 2015;42145
79,95;May 22 2015;42146
79,14;May 26 2015;42150
79,39;May 27 2015;42151
79,33;May 28 2015;42152
78,39;May 29 2015;42153
78,85;June 1 2015;42156
78,54;June 2 2015;42157
78,56;June 3 2015;42158
78,15;June 4 2015;42159
77,43;June 5 2015;42160
77,71;June 8 2015;42163
78,90;June 9 2015;42164
79,54;June 10 2015;42165
79,41;June 11 2015;42166
78,87;June 12 2015;42167
78,12;June 15 2015;42170
79,10;June 16 2015;42171
80,08;June 17 2015;42172
80,82;June 18 2015;42173
80,54;June 19 2015;42174
80,45;June 22 2015;42177
79,79;June 23 2015;42178
79,51;June 24 2015;42179
79,39;June 25 2015;42180
79,34;June 26 2015;42181
78,32;June 29 2015;42184
78,24;June 30 2015;42185
79,72;July 1 2015;42186
79,93;July 2 2015;42187
80,05;July 6 2015;42191
81,72;July 7 2015;42192
80,99;July 8 2015;42193
80,66;July 9 2015;42194
80,95;July 10 2015;42195
81,91;July 13 2015;42198
82,04;July 14 2015;42199
82,15;July 15 2015;42200
82,30;July 16 2015;42201
82,24;July 17 2015;42202
82,19;July 20 2015;42205
81,63;July 21 2015;42206
80,83;July 22 2015;42207
80,70;July 23 2015;42208
80,29;July 24 2015;42209
79,97;July 27 2015;42212
80,23;July 28 2015;42213
80,62;July 29 2015;42214
77,39;July 30 2015;42215
76,70;July 31 2015;42216
76,40;Aug 3 2015;42219
75,91;Aug 4 2015;42220
75,77;Aug 5 2015;42221
75,74;Aug 6 2015;42222
75,48;Aug 7 2015;42223
76,38;Aug 10 2015;42226
76,22;Aug 11 2015;42227
76,39;Aug 12 2015;42228
75,78;Aug 13 2015;42229
75,62;Aug 14 2015;42230
75,53;Aug 17 2015;42233
75,13;Aug 18 2015;42234
74,12;Aug 19 2015;42235
73,91;Aug 20 2015;42236
71,84;Aug 21 2015;42237
69,14;Aug 24 2015;42240
68,42;Aug 25 2015;42241
70,90;Aug 26 2015;42242
71,48;Aug 27 2015;42243
71,21;Aug 28 2015;42244
70,67;Aug 31 2015;42247
68,90;Sep 1 2015;42248
69,81;Sep 2 2015;42249
69,93;Sep 3 2015;42250
68,76;Sep 4 2015;42251
69,98;Sep 8 2015;42255
68,48;Sep 9 2015;42256
68,32;Sep 10 2015;42257
68,42;Sep 11 2015;42258
68,06;Sep 14 2015;42261
69,45;Sep 15 2015;42262
70,10;Sep 16 2015;42263
70,24;Sep 17 2015;42264
69,94;Sep 18 2015;42265
70,65;Sep 21 2015;42268
70,19;Sep 22 2015;42269
70,26;Sep 23 2015;42270
71,36;Sep 24 2015;42271
72,67;Sep 25 2015;42272
71,77;Sep 28 2015;42275
72,28;Sep 29 2015;42276
71,94;Sep 30 2015;42277
71,95;Oct 1 2015;42278
72,42;Oct 2 2015;42279
73,22;Oct 5 2015;42282
73,40;Oct 6 2015;42283
73,72;Oct 7 2015;42284
74,40;Oct 8 2015;42285
74,48;Oct 9 2015;42286
74,33;Oct 12 2015;42289
74,11;Oct 13 2015;42290
74,21;Oct 14 2015;42291
74,27;Oct 15 2015;42292
74,90;Oct 16 2015;42293
75,16;Oct 19 2015;42296
74,43;Oct 20 2015;42297
73,59;Oct 21 2015;42298
74,85;Oct 22 2015;42299
77,03;Oct 23 2015;42300
77,49;Oct 26 2015;42303
77,29;Oct 27 2015;42304
76,51;Oct 28 2015;42305
77,02;Oct 29 2015;42306
76,38;Oct 30 2015;42307
76,60;Nov 2 2015;42310
77,05;Nov 3 2015;42311
77,06;Nov 4 2015;42312
76,39;Nov 5 2015;42313
75,57;Nov 6 2015;42314
75,40;Nov 9 2015;42317
75,77;Nov 10 2015;42318
75,96;Nov 11 2015;42319
74,66;Nov 12 2015;42320
73,96;Nov 13 2015;42321
75,30;Nov 16 2015;42324
75,07;Nov 17 2015;42325
75,90;Nov 18 2015;42326
76,22;Nov 19 2015;42327
75,82;Nov 20 2015;42328
75,97;Nov 23 2015;42331
76,45;Nov 24 2015;42332
75,90;Nov 25 2015;42333
75,70;Nov 27 2015;42335
74,84;Nov 30 2015;42338
75,94;Dec 1 2015;42339
75,79;Dec 2 2015;42340
75,74;Dec 3 2015;42341
77,83;Dec 4 2015;42342
78,37;Dec 7 2015;42345
77,75;Dec 8 2015;42346
77,70;Dec 9 2015;42347
77,79;Dec 10 2015;42348
77,78;Dec 11 2015;42349
78,29;Dec 14 2015;42352
79,68;Dec 15 2015;42353
80,99;Dec 16 2015;42354
80,29;Dec 17 2015;42355
78,13;Dec 18 2015;42356
78,95;Dec 21 2015;42359
79,60;Dec 22 2015;42360
79,92;Dec 23 2015;42361
79,79;Dec 24 2015;42362
79,92;Dec 28 2015;42366
80,36;Dec 29 2015;42367
80,07;Dec 30 2015;42368
79,41;Dec 31 2015;42369
78,37;Jan 4 2016;42373
78,62;Jan 5 2016;42374
77,86;Jan 6 2016;42375
77,18;Jan 7 2016;42376
75,97;Jan 8 2016;42377
76,67;Jan 11 2016;42380
76,51;Jan 12 2016;42381
75,85;Jan 13 2016;42382
76,15;Jan 14 2016;42383
74,98;Jan 15 2016;42384
76,73;Jan 19 2016;42388
75,83;Jan 20 2016;42389
76,72;Jan 21 2016;42390
77,36;Jan 22 2016;42391
76,85;Jan 25 2016;42394
78,81;Jan 26 2016;42395
78,80;Jan 27 2016;42396
79,82;Jan 28 2016;42397
81,69;Jan 29 2016;42398
81,12;Feb 1 2016;42401
80,22;Feb 2 2016;42402
81,10;Feb 3 2016;42403
80,70;Feb 4 2016;42404
81,20;Feb 5 2016;42405
82,62;Feb 8 2016;42408
82,64;Feb 9 2016;42409
81,62;Feb 10 2016;42410
79,90;Feb 11 2016;42411
80,99;Feb 12 2016;42412
81,47;Feb 16 2016;42416
82,45;Feb 17 2016;42417
81,98;Feb 18 2016;42418
81,79;Feb 19 2016;42419
82,13;Feb 22 2016;42422
81,81;Feb 23 2016;42423
81,56;Feb 24 2016;42424
82,34;Feb 25 2016;42425
81,10;Feb 26 2016;42426
80,29;Feb 29 2016;42429
81,23;Mar 1 2016;42430
82,55;Mar 2 2016;42431
82,84;Mar 3 2016;42432
83,49;Mar 4 2016;42433
83,10;Mar 7 2016;42436
83,06;Mar 8 2016;42437
82,96;Mar 9 2016;42438
82,28;Mar 10 2016;42439
81,75;Mar 11 2016;42440
81,17;Mar 14 2016;42443
81,31;Mar 15 2016;42444
81,34;Mar 16 2016;42445
82,75;Mar 17 2016;42446
83,15;Mar 18 2016;42447
83,32;Mar 21 2016;42450
82,74;Mar 22 2016;42451
82,82;Mar 23 2016;42452
82,89;Mar 24 2016;42453
82,62;Mar 28 2016;42457
82,80;Mar 29 2016;42458
82,68;Mar 30 2016;42459
82,31;Mar 31 2016;42460
83,53;Apr 1 2016;42461
83,21;Apr 4 2016;42464
83,16;Apr 5 2016;42465
83,81;Apr 6 2016;42466
83,24;Apr 7 2016;42467
83,20;Apr 8 2016;42468
82,73;Apr 11 2016;42471
82,83;Apr 12 2016;42472
82,46;Apr 13 2016;42473
82,01;Apr 14 2016;42474
82,30;Apr 15 2016;42475
82,83;Apr 18 2016;42478
83,28;Apr 19 2016;42479
81,55;Apr 20 2016;42480
80,80;Apr 21 2016;42481
80,95;Apr 22 2016;42482
81,41;Apr 25 2016;42485
79,55;Apr 26 2016;42486
79,89;Apr 27 2016;42487
79,76;Apr 28 2016;42488
80,12;Apr 29 2016;42489
80,97;May 2 2016;42492
81,10;May 3 2016;42493
81,60;May 4 2016;42494
81,30;May 5 2016;42495
82,13;May 6 2016;42496
82,12;May 9 2016;42499
82,48;May 10 2016;42500
82,15;May 11 2016;42501
82,41;May 12 2016;42502
81,23;May 13 2016;42503
81,63;May 16 2016;42506
80,62;May 17 2016;42507
79,85;May 18 2016;42508
80,19;May 19 2016;42509
80,02;May 20 2016;42510
80,20;May 23 2016;42513
80,97;May 24 2016;42514
81,48;May 25 2016;42515
81,22;May 26 2016;42516
81,43;May 27 2016;42517
81,04;May 31 2016;42521
81,79;June 1 2016;42522
81,95;June 2 2016;42523
82,47;June 3 2016;42524
82,77;June 6 2016;42527
82,32;June 7 2016;42528
82,65;June 8 2016;42529
83,17;June 9 2016;42530
83,20;June 10 2016;42531
82,57;June 13 2016;42534
83,35;June 14 2016;42535
82,95;June 15 2016;42536
83,41;June 16 2016;42537
83,13;June 17 2016;42538
83,04;June 20 2016;42541
83,41;June 21 2016;42542
83,57;June 22 2016;42543
84,21;June 23 2016;42544
82,26;June 24 2016;42545
81,23;June 27 2016;42548
82,46;June 28 2016;42549
83,91;June 29 2016;42550
84,67;June 30 2016;42551
84,78;July 1 2016;42552
85,44;July 5 2016;42556
85,03;July 6 2016;42557
84,83;July 7 2016;42558
85,77;July 8 2016;42559
85,75;July 11 2016;42562
85,75;July 12 2016;42563
85,89;July 13 2016;42564
85,87;July 14 2016;42565
86,01;July 15 2016;42566
85,93;July 18 2016;42569
86,17;July 19 2016;42570
85,32;July 20 2016;42571
85,26;July 21 2016;42572
85,72;July 22 2016;42573
85,80;July 25 2016;42576
85,27;July 26 2016;42577
84,46;July 27 2016;42578
84,81;July 28 2016;42579
85,59;July 29 2016;42580
86,41;Aug 1 2016;42583
86,76;Aug 2 2016;42584
85,97;Aug 3 2016;42585
86,05;Aug 4 2016;42586
85,78;Aug 5 2016;42587
85,76;Aug 8 2016;42590
85,99;Aug 9 2016;42591
86,31;Aug 10 2016;42592
86,73;Aug 11 2016;42593
87,04;Aug 12 2016;42594
87,02;Aug 15 2016;42597
86,58;Aug 16 2016;42598
86,96;Aug 17 2016;42599
87,44;Aug 18 2016;42600
87,31;Aug 19 2016;42601
86,85;Aug 22 2016;42604
87,40;Aug 23 2016;42605
87,31;Aug 24 2016;42606
87,90;Aug 25 2016;42607
87,58;Aug 26 2016;42608
88,30;Aug 29 2016;42611
87,54;Aug 30 2016;42612
87,31;Aug 31 2016;42613
88,31;Sep 1 2016;42614
88,20;Sep 2 2016;42615
88,64;Sep 6 2016;42619
87,95;Sep 7 2016;42620
87,78;Sep 8 2016;42621
86,24;Sep 9 2016;42622
88,25;Sep 12 2016;42625
87,05;Sep 13 2016;42626
87,01;Sep 14 2016;42627
88,06;Sep 15 2016;42628
88,05;Sep 16 2016;42629
88,37;Sep 19 2016;42632
88,58;Sep 20 2016;42633
87,80;Sep 21 2016;42634
88,99;Sep 22 2016;42635
87,76;Sep 23 2016;42636
87,85;Sep 26 2016;42639
88,36;Sep 27 2016;42640
89,46;Sep 28 2016;42641
88,23;Sep 29 2016;42642
89,75;Sep 30 2016;42643
88,66;Oct 3 2016;42646
88,35;Oct 4 2016;42647
88,85;Oct 5 2016;42648
89,22;Oct 6 2016;42649
90,00;Oct 7 2016;42650
89,06;Oct 10 2016;42653
88,54;Oct 11 2016;42654
88,57;Oct 12 2016;42655
88,24;Oct 13 2016;42656
88,43;Oct 14 2016;42657
87,83;Oct 17 2016;42660
87,45;Oct 18 2016;42661
85,54;Oct 19 2016;42662
84,93;Oct 20 2016;42663
84,33;Oct 21 2016;42664
84,10;Oct 24 2016;42667
86,97;Oct 25 2016;42668
87,40;Oct 26 2016;42669
86,58;Oct 27 2016;42670
86,84;Oct 28 2016;42671
86,80;Oct 31 2016;42674
86,85;Nov 1 2016;42675
86,74;Nov 2 2016;42676
86,60;Nov 3 2016;42677
85,08;Nov 4 2016;42678
86,56;Nov 7 2016;42681
87,46;Nov 8 2016;42682
85,93;Nov 9 2016;42683
82,96;Nov 10 2016;42684
83,58;Nov 11 2016;42685
83,00;Nov 14 2016;42688
83,62;Nov 15 2016;42689
83,19;Nov 16 2016;42690
83,07;Nov 17 2016;42691
82,00;Nov 18 2016;42692
82,64;Nov 21 2016;42695
82,76;Nov 22 2016;42696
82,68;Nov 23 2016;42697
83,46;Nov 25 2016;42699
83,07;Nov 28 2016;42702
82,89;Nov 29 2016;42703
82,46;Nov 30 2016;42704
81,86;Dec 1 2016;42705
82,40;Dec 2 2016;42706
82,99;Dec 5 2016;42709
82,91;Dec 6 2016;42710
84,18;Dec 7 2016;42711
83,50;Dec 8 2016;42712
84,37;Dec 9 2016;42713
85,13;Dec 12 2016;42716
85,18;Dec 13 2016;42717
84,37;Dec 14 2016;42718
84,68;Dec 15 2016;42719
84,68;Dec 16 2016;42720
84,71;Dec 19 2016;42723
84,57;Dec 20 2016;42724
84,28;Dec 21 2016;42725
84,47;Dec 22 2016;42726
84,96;Dec 23 2016;42727
84,60;Dec 27 2016;42731
84,07;Dec 28 2016;42732
84,35;Dec 29 2016;42733
84,08;Dec 30 2016;42734
84,20;Jan 3 2017;42738
84,50;Jan 4 2017;42739
85,06;Jan 5 2017;42740
85,03;Jan 6 2017;42741
84,40;Jan 9 2017;42744
83,49;Jan 10 2017;42745
83,75;Jan 11 2017;42746
83,84;Jan 12 2017;42747
84,01;Jan 13 2017;42748
85,21;Jan 17 2017;42752
84,93;Jan 18 2017;42753
84,70;Jan 19 2017;42754
87,45;Jan 20 2017;42755
86,96;Jan 23 2017;42758
87,86;Jan 24 2017;42759
87,16;Jan 25 2017;42760
86,60;Jan 26 2017;42761
86,72;Jan 27 2017;42762
86,75;Jan 30 2017;42765
87,60;Jan 31 2017;42766
87,33;Feb 1 2017;42767
87,76;Feb 2 2017;42768
87,41;Feb 3 2017;42769
87,40;Feb 6 2017;42772
88,01;Feb 7 2017;42773
88,33;Feb 8 2017;42774
88,67;Feb 9 2017;42775
87,97;Feb 10 2017;42776
88,31;Feb 13 2017;42779
87,86;Feb 14 2017;42780
91,12;Feb 15 2017;42781
90,79;Feb 16 2017;42782
91,09;Feb 17 2017;42783
91,67;Feb 21 2017;42787
91,44;Feb 22 2017;42788
91,13;Feb 23 2017;42789
91,05;Feb 24 2017;42790
90,89;Feb 27 2017;42793
91,07;Feb 28 2017;42794
91,66;Mar 1 2017;42795
90,91;Mar 2 2017;42796
90,50;Mar 3 2017;42797
90,37;Mar 6 2017;42800
90,29;Mar 7 2017;42801
90,14;Mar 8 2017;42802
90,34;Mar 9 2017;42803
91,07;Mar 10 2017;42804
91,31;Mar 13 2017;42807
91,00;Mar 14 2017;42808
91,40;Mar 15 2017;42809
91,44;Mar 16 2017;42810
91,00;Mar 17 2017;42811
91,22;Mar 20 2017;42814
91,19;Mar 21 2017;42815
90,99;Mar 22 2017;42816
90,77;Mar 23 2017;42817
90,57;Mar 24 2017;42818
90,49;Mar 27 2017;42821
90,76;Mar 28 2017;42822
90,60;Mar 29 2017;42823
90,20;Mar 30 2017;42824
89,85;Mar 31 2017;42825
89,68;Apr 3 2017;42828
89,91;Apr 4 2017;42829
89,97;Apr 5 2017;42830
89,40;Apr 6 2017;42831
89,23;Apr 7 2017;42832
89,49;Apr 10 2017;42835
89,80;Apr 11 2017;42836
90,31;Apr 12 2017;42837
90,03;Apr 13 2017;42838
90,39;Apr 17 2017;42842
90,80;Apr 18 2017;42843
89,60;Apr 19 2017;42844
89,33;Apr 20 2017;42845
88,62;Apr 21 2017;42846
89,55;Apr 24 2017;42849
90,00;Apr 25 2017;42850
87,74;Apr 26 2017;42851
87,69;Apr 27 2017;42852
87,33;Apr 28 2017;42853
87,09;May 1 2017;42856
86,22;May 2 2017;42857
86,43;May 3 2017;42858
86,45;May 4 2017;42859
86,50;May 5 2017;42860
86,55;May 8 2017;42863
86,40;May 9 2017;42864
86,49;May 10 2017;42865
86,17;May 11 2017;42866
86,19;May 12 2017;42867
86,33;May 15 2017;42870
86,24;May 16 2017;42871
86,26;May 17 2017;42872
85,87;May 18 2017;42873
86,24;May 19 2017;42874
86,21;May 22 2017;42877
86,08;May 23 2017;42878
86,50;May 24 2017;42879
86,86;May 25 2017;42880
87,25;May 26 2017;42881
87,40;May 30 2017;42885
88,09;May 31 2017;42886
88,13;June 1 2017;42887
88,59;June 2 2017;42888
88,74;June 5 2017;42891
88,80;June 6 2017;42892
88,77;June 7 2017;42893
87,85;June 8 2017;42894
88,16;June 9 2017;42895
88,24;June 12 2017;42898
88,06;June 13 2017;42899
88,44;June 14 2017;42900
89,38;June 15 2017;42901
89,66;June 16 2017;42902
89,86;June 19 2017;42905
89,63;June 20 2017;42906
89,40;June 21 2017;42907
89,03;June 22 2017;42908
89,42;June 23 2017;42909
89,36;June 26 2017;42912
88,61;June 27 2017;42913
88,37;June 28 2017;42914
86,99;June 29 2017;42915
87,15;June 30 2017;42916
87,74;July 3 2017;42919
87,67;July 5 2017;42921
87,37;July 6 2017;42922
87,65;July 7 2017;42923
87,09;July 10 2017;42926
86,77;July 11 2017;42927
86,96;July 12 2017;42928
86,70;July 13 2017;42929
87,10;July 14 2017;42930
87,55;July 17 2017;42933
88,64;July 18 2017;42934
88,35;July 19 2017;42935
88,60;July 20 2017;42936
88,61;July 21 2017;42937
88,18;July 24 2017;42940
89,14;July 25 2017;42941
89,30;July 26 2017;42942
90,68;July 27 2017;42943
90,21;July 28 2017;42944
90,82;July 31 2017;42947
91,10;Aug 1 2017;42948
91,04;Aug 2 2017;42949
90,86;Aug 3 2017;42950
90,67;Aug 4 2017;42951
91,44;Aug 7 2017;42954
91,58;Aug 8 2017;42955
91,92;Aug 9 2017;42956
91,74;Aug 10 2017;42957
91,34;Aug 11 2017;42958
91,65;Aug 14 2017;42961
92,20;Aug 15 2017;42962
92,44;Aug 16 2017;42963
92,07;Aug 17 2017;42964
92,47;Aug 18 2017;42965
92,86;Aug 21 2017;42968
92,79;Aug 22 2017;42969
92,44;Aug 23 2017;42970
92,27;Aug 24 2017;42971
92,51;Aug 25 2017;42972
92,47;Aug 28 2017;42975
92,32;Aug 29 2017;42976
91,87;Aug 30 2017;42977
92,27;Aug 31 2017;42978
92,53;Sep 1 2017;42979
92,72;Sep 5 2017;42983
92,72;Sep 6 2017;42984
92,97;Sep 7 2017;42985
92,84;Sep 8 2017;42986
93,99;Sep 11 2017;42989
93,51;Sep 12 2017;42990
93,55;Sep 13 2017;42991
93,55;Sep 14 2017;42992
93,27;Sep 15 2017;42993
93,15;Sep 18 2017;42996
94,17;Sep 19 2017;42997
94,40;Sep 20 2017;42998
92,64;Sep 21 2017;42999
92,24;Sep 22 2017;43000
92,72;Sep 25 2017;43003
92,65;Sep 26 2017;43004
90,87;Sep 27 2017;43005
90,89;Sep 28 2017;43006
90,98;Sep 29 2017;43007
91,77;Oct 2 2017;43010
92,12;Oct 3 2017;43011
92,42;Oct 4 2017;43012
92,03;Oct 5 2017;43013
92,33;Oct 6 2017;43014
92,12;Oct 9 2017;43017
91,62;Oct 10 2017;43018
91,46;Oct 11 2017;43019
92,15;Oct 12 2017;43020
93,04;Oct 13 2017;43021
93,14;Oct 16 2017;43024
92,80;Oct 17 2017;43025
92,77;Oct 18 2017;43026
91,59;Oct 19 2017;43027
88,25;Oct 20 2017;43028
87,30;Oct 23 2017;43031
86,98;Oct 24 2017;43032
86,86;Oct 25 2017;43033
87,50;Oct 26 2017;43034
87,04;Oct 27 2017;43035
86,27;Oct 30 2017;43038
86,34;Oct 31 2017;43039
86,89;Nov 1 2017;43040
86,51;Nov 2 2017;43041
86,58;Nov 3 2017;43042
86,05;Nov 6 2017;43045
86,98;Nov 7 2017;43046
87,58;Nov 8 2017;43047
87,78;Nov 9 2017;43048
88,16;Nov 10 2017;43049
89,00;Nov 13 2017;43052
88,87;Nov 14 2017;43053
88,23;Nov 15 2017;43054
89,25;Nov 16 2017;43055
88,43;Nov 17 2017;43056
88,27;Nov 20 2017;43059
88,72;Nov 21 2017;43060
88,33;Nov 22 2017;43061
88,45;Nov 24 2017;43063
88,96;Nov 27 2017;43066
89,40;Nov 28 2017;43067
89,38;Nov 29 2017;43068
89,99;Nov 30 2017;43069
90,36;Dec 1 2017;43070
91,41;Dec 4 2017;43073
91,40;Dec 5 2017;43074
91,25;Dec 6 2017;43075
90,10;Dec 7 2017;43076
90,37;Dec 8 2017;43077
90,23;Dec 11 2017;43080
89,85;Dec 12 2017;43081
90,88;Dec 13 2017;43082
91,00;Dec 14 2017;43083
91,89;Dec 15 2017;43084
91,88;Dec 18 2017;43087
91,68;Dec 19 2017;43088
91,53;Dec 20 2017;43089
91,67;Dec 21 2017;43090
92,13;Dec 22 2017;43091
92,48;Dec 26 2017;43095
92,10;Dec 27 2017;43096
92,07;Dec 28 2017;43097
91,88;Dec 29 2017;43098
90,65;Jan 2 2018;43102
90,54;Jan 3 2018;43103
91,18;Jan 4 2018;43104
91,24;Jan 5 2018;43105
91,72;Jan 8 2018;43108
91,05;Jan 9 2018;43109
90,47;Jan 10 2018;43110
90,15;Jan 11 2018;43111
89,61;Jan 12 2018;43112
90,22;Jan 16 2018;43116
91,20;Jan 17 2018;43117
90,18;Jan 18 2018;43118
91,07;Jan 19 2018;43119
91,89;Jan 22 2018;43122
89,05;Jan 23 2018;43123
88,31;Jan 24 2018;43124
88,34;Jan 25 2018;43125
87,73;Jan 26 2018;43126
86,86;Jan 29 2018;43129
86,95;Jan 30 2018;43130
86,34;Jan 31 2018;43131
85,85;Feb 1 2018;43132
84,25;Feb 2 2018;43133
81,06;Feb 5 2018;43136
82,38;Feb 6 2018;43137
81,84;Feb 7 2018;43138
80,22;Feb 8 2018;43139
79,92;Feb 9 2018;43140
81,33;Feb 12 2018;43143
81,50;Feb 13 2018;43144
80,68;Feb 14 2018;43145
82,41;Feb 15 2018;43146
82,60;Feb 16 2018;43147
81,34;Feb 20 2018;43151
80,24;Feb 21 2018;43152
80,84;Feb 22 2018;43153
81,05;Feb 23 2018;43154
81,63;Feb 26 2018;43157
80,54;Feb 27 2018;43158
78,52;Feb 28 2018;43159
78,70;Mar 1 2018;43160
79,50;Mar 2 2018;43161
80,29;Mar 5 2018;43164
80,02;Mar 6 2018;43165
79,16;Mar 7 2018;43166
79,97;Mar 8 2018;43167
80,29;Mar 9 2018;43168
79,86;Mar 12 2018;43171
79,72;Mar 13 2018;43172
79,00;Mar 14 2018;43173
78,67;Mar 15 2018;43174
78,97;Mar 16 2018;43175
78,66;Mar 19 2018;43178
78,31;Mar 20 2018;43179
77,04;Mar 21 2018;43180
76,41;Mar 22 2018;43181
75,91;Mar 23 2018;43182
76,41;Mar 26 2018;43185
77,79;Mar 27 2018;43186
78,84;Mar 28 2018;43187
79,28;Mar 29 2018;43188
77,40;Apr 2 2018;43192
78,46;Apr 3 2018;43193
79,05;Apr 4 2018;43194
78,80;Apr 5 2018;43195
78,43;Apr 6 2018;43196
78,16;Apr 9 2018;43199
78,37;Apr 10 2018;43200
78,27;Apr 11 2018;43201
77,79;Apr 12 2018;43202
78,37;Apr 13 2018;43203
78,61;Apr 16 2018;43206
78,43;Apr 17 2018;43207
78,20;Apr 18 2018;43208
74,95;Apr 19 2018;43209
73,80;Apr 20 2018;43210
73,00;Apr 23 2018;43213
72,50;Apr 24 2018;43214
72,30;Apr 25 2018;43215
72,75;Apr 26 2018;43216
72,81;Apr 27 2018;43217
72,34;Apr 30 2018;43220
71,96;May 1 2018;43221
70,94;May 2 2018;43222
71,36;May 3 2018;43223
72,43;May 4 2018;43224
71,98;May 7 2018;43227
71,44;May 8 2018;43228
72,37;May 9 2018;43229
73,15;May 10 2018;43230
73,37;May 11 2018;43231
73,28;May 14 2018;43234
72,95;May 15 2018;43235
73,53;May 16 2018;43236
73,96;May 17 2018;43237
73,45;May 18 2018;43238
74,06;May 21 2018;43241
74,03;May 22 2018;43242
74,18;May 23 2018;43243
73,77;May 24 2018;43244
74,31;May 25 2018;43245
74,05;May 29 2018;43249
74,89;May 30 2018;43250
73,17;May 31 2018;43251
73,45;June 1 2018;43252
74,18;June 4 2018;43255
73,97;June 5 2018;43256
74,35;June 6 2018;43257
75,76;June 7 2018;43258
77,18;June 8 2018;43259
77,53;June 11 2018;43262
77,24;June 12 2018;43263
76,47;June 13 2018;43264
75,99;June 14 2018;43265
77,38;June 15 2018;43266
75,84;June 18 2018;43269
76,33;June 19 2018;43270
75,85;June 20 2018;43271
76,44;June 21 2018;43272
77,43;June 22 2018;43273
77,79;June 25 2018;43276
78,00;June 26 2018;43277
77,69;June 27 2018;43278
78,05;June 28 2018;43279
78,06;June 29 2018;43280
78,13;July 2 2018;43283
77,90;July 3 2018;43284
79,21;July 5 2018;43286
79,31;July 6 2018;43287
77,86;July 9 2018;43290
79,82;July 10 2018;43291
79,16;July 11 2018;43292
78,89;July 12 2018;43293
79,31;July 13 2018;43294
79,53;July 16 2018;43297
80,03;July 17 2018;43298
79,72;July 18 2018;43299
78,73;July 19 2018;43300
78,68;July 20 2018;43301
78,51;July 23 2018;43304
78,99;July 24 2018;43305
79,47;July 25 2018;43306
80,09;July 26 2018;43307
80,58;July 27 2018;43308
80,20;July 30 2018;43311
80,88;July 31 2018;43312
80,65;Aug 1 2018;43313
82,00;Aug 2 2018;43314
82,33;Aug 3 2018;43315
82,52;Aug 6 2018;43318
82,64;Aug 7 2018;43319
82,35;Aug 8 2018;43320
81,40;Aug 9 2018;43321
81,43;Aug 10 2018;43322
81,52;Aug 13 2018;43325
81,31;Aug 14 2018;43326
82,30;Aug 15 2018;43327
83,69;Aug 16 2018;43328
83,69;Aug 17 2018;43329
83,64;Aug 20 2018;43332
83,90;Aug 21 2018;43333
83,39;Aug 22 2018;43334
83,24;Aug 23 2018;43335
83,36;Aug 24 2018;43336
83,44;Aug 27 2018;43339
83,48;Aug 28 2018;43340
83,49;Aug 29 2018;43341
83,41;Aug 30 2018;43342
82,95;Aug 31 2018;43343
82,70;Sep 4 2018;43347
83,29;Sep 5 2018;43348
82,65;Sep 6 2018;43349
81,91;Sep 7 2018;43350
82,38;Sep 10 2018;43353
82,01;Sep 11 2018;43354
83,11;Sep 12 2018;43355
83,45;Sep 13 2018;43356
83,61;Sep 14 2018;43357
84,25;Sep 17 2018;43360
84,00;Sep 18 2018;43361
84,00;Sep 19 2018;43362
85,36;Sep 20 2018;43363
85,82;Sep 21 2018;43364
84,27;Sep 24 2018;43367
83,12;Sep 25 2018;43368
83,26;Sep 26 2018;43369
82,86;Sep 27 2018;43370
83,23;Sep 28 2018;43371
83,67;Oct 1 2018;43374
84,36;Oct 2 2018;43375
83,03;Oct 3 2018;43376
81,92;Oct 4 2018;43377
82,15;Oct 5 2018;43378
82,40;Oct 8 2018;43381
82,20;Oct 9 2018;43382
81,44;Oct 10 2018;43383
78,87;Oct 11 2018;43384
79,06;Oct 12 2018;43385
80,13;Oct 15 2018;43388
81,01;Oct 16 2018;43389
81,86;Oct 17 2018;43390
80,24;Oct 18 2018;43391
87,30;Oct 19 2018;43392
86,60;Oct 22 2018;43395
87,16;Oct 23 2018;43396
89,46;Oct 24 2018;43397
89,00;Oct 25 2018;43398
87,86;Oct 26 2018;43399
88,24;Oct 29 2018;43402
89,19;Oct 30 2018;43403
88,68;Oct 31 2018;43404
89,59;Nov 1 2018;43405
89,81;Nov 2 2018;43406
91,20;Nov 5 2018;43409
91,51;Nov 6 2018;43410
91,29;Nov 7 2018;43411
91,36;Nov 8 2018;43412
92,41;Nov 9 2018;43413
92,70;Nov 12 2018;43416
93,47;Nov 13 2018;43417
93,49;Nov 14 2018;43418
93,83;Nov 15 2018;43419
93,82;Nov 16 2018;43420
93,29;Nov 19 2018;43423
92,10;Nov 20 2018;43424
91,41;Nov 21 2018;43425
91,54;Nov 23 2018;43427
91,94;Nov 26 2018;43430
92,72;Nov 27 2018;43431
93,01;Nov 28 2018;43432
92,82;Nov 29 2018;43433
94,51;Nov 30 2018;43434
93,32;Dec 3 2018;43437
93,31;Dec 4 2018;43438
93,55;Dec 6 2018;43440
92,45;Dec 7 2018;43441
93,03;Dec 10 2018;43444
93,91;Dec 11 2018;43445
94,03;Dec 12 2018;43446
96,49;Dec 13 2018;43447
96,64;Dec 14 2018;43448
92,77;Dec 17 2018;43451
92,49;Dec 18 2018;43452
91,76;Dec 19 2018;43453
90,98;Dec 20 2018;43454
90,97;Dec 21 2018;43455
87,36;Dec 24 2018;43458
90,09;Dec 26 2018;43460
92,02;Dec 27 2018;43461
91,18;Dec 28 2018;43462
91,92;Dec 31 2018;43465
91,28;Jan 2 2019;43467
90,64;Jan 3 2019;43468
92,49;Jan 4 2019;43469
92,12;Jan 7 2019;43472
92,46;Jan 8 2019;43473
90,95;Jan 9 2019;43474
91,17;Jan 10 2019;43475
91,77;Jan 11 2019;43476
91,15;Jan 14 2019;43479
92,01;Jan 15 2019;43480
91,37;Jan 16 2019;43481
90,64;Jan 17 2019;43482
91,42;Jan 18 2019;43483
90,44;Jan 22 2019;43487
94,84;Jan 23 2019;43488
94,30;Jan 24 2019;43489
93,60;Jan 25 2019;43490
93,52;Jan 28 2019;43493
93,54;Jan 29 2019;43494
94,52;Jan 30 2019;43495
96,47;Jan 31 2019;43496
97,47;Feb 1 2019;43497
98,03;Feb 4 2019;43500
97,44;Feb 5 2019;43501
97,92;Feb 6 2019;43502
97,14;Feb 7 2019;43503
97,71;Feb 8 2019;43504
98,27;Feb 11 2019;43507
99,26;Feb 12 2019;43508
99,24;Feb 13 2019;43509
98,46;Feb 14 2019;43510
98,48;Feb 15 2019;43511
99,99;Feb 19 2019;43515