0.4	Feb 20 2014	41690
0.4	Feb 21 2014	41691
0.43	Feb 24 2014	41694
0.44	Feb 25 2014	41695
0.4	Feb 26 2014	41696
0.39	Feb 27 2014	41697
0.4	Feb 28 2014	41698
0.37	Mar 3 2014	41701
0.41	Mar 4 2014	41702
0.36	Mar 5 2014	41703
0.34	Mar 6 2014	41704
0.37	Mar 7 2014	41705
0.34	Mar 10 2014	41708
0.34	Mar 11 2014	41709
0.31	Mar 12 2014	41710
0.3	Mar 13 2014	41711
0.28	Mar 14 2014	41712
0.29	Mar 17 2014	41715
0.31	Mar 18 2014	41716
0.11	Mar 19 2014	41717
0.13	Mar 20 2014	41718
0.06	Mar 21 2014	41719
0.08	Mar 24 2014	41722
0.1	Mar 25 2014	41723
0.15	Mar 26 2014	41724
0.12	Mar 27 2014	41725
0.05	Mar 28 2014	41726
0.05	Mar 31 2014	41729
0.12	Apr 1 2014	41730
0.12	Apr 2 2014	41731
0.11	Apr 3 2014	41732
0.18	Apr 4 2014	41733
0.16	Apr 7 2014	41736
0.14	Apr 8 2014	41737
0.13	Apr 9 2014	41738
0.12	Apr 10 2014	41739
0.11	Apr 11 2014	41740
0.11	Apr 14 2014	41743
0.07	Apr 15 2014	41744
0.08	Apr 16 2014	41745
0.11	Apr 17 2014	41746
0.12	Apr 22 2014	41751
0.07	Apr 23 2014	41752
0.05	Apr 24 2014	41753
0.08	Apr 25 2014	41754
0.06	Apr 28 2014	41757
0.13	Apr 29 2014	41758
0.12	Apr 30 2014	41759
0.12	May 1 2014	41760
0.14	May 2 2014	41761
0.14	May 6 2014	41765
0.2	May 7 2014	41766
0.22	May 8 2014	41767
0.22	May 9 2014	41768
0.27	May 12 2014	41771
0.28	May 13 2014	41772
0.27	May 14 2014	41773
0.27	May 15 2014	41774
0.27	May 16 2014	41775
0.25	May 19 2014	41778
0.23	May 20 2014	41779
0.23	May 21 2014	41780
0.25	May 22 2014	41781
0.25	May 23 2014	41782
0.29	May 27 2014	41786
0.29	May 28 2014	41787
0.3	May 29 2014	41788
0.3	May 30 2014	41789
0.33	June 2 2014	41792
0.3	June 3 2014	41793
0.31	June 4 2014	41794
0.31	June 5 2014	41795
0.36	June 6 2014	41796
0.35	June 9 2014	41799
0.34	June 10 2014	41800
0.32	June 11 2014	41801
0.31	June 12 2014	41802
0.28	June 13 2014	41803
0.25	June 16 2014	41806
0.26	June 17 2014	41807
0.25	June 18 2014	41808
0.26	June 19 2014	41809
0.27	June 20 2014	41810
0.27	June 23 2014	41813
0.27	June 24 2014	41814
0.24	June 25 2014	41815
0.25	June 26 2014	41816
0.26	June 27 2014	41817
0.25	June 30 2014	41820
0.27	July 1 2014	41821
0.27	July 2 2014	41822
0.29	July 3 2014	41823
0.28	July 4 2014	41824
0.27	July 7 2014	41827
0.26	July 8 2014	41828
0.25	July 9 2014	41829
0.25	July 10 2014	41830
0.26	July 11 2014	41831
0.3	July 14 2014	41834
0.3	July 15 2014	41835
0.34	July 16 2014	41836
0.33	July 17 2014	41837
0.35	July 18 2014	41838
0.35	July 21 2014	41841
0.35	July 22 2014	41842
0.36	July 23 2014	41843
0.37	July 24 2014	41844
0.36	July 25 2014	41845
0.35	July 28 2014	41848
0.35	July 29 2014	41849
0.35	July 30 2014	41850
0.34	July 31 2014	41851
0.32	Aug 1 2014	41852
0.33	Aug 4 2014	41855
0.32	Aug 5 2014	41856
0.32	Aug 6 2014	41857
0.38	Aug 7 2014	41858
0.38	Aug 8 2014	41859
0.37	Aug 11 2014	41862
0.37	Aug 12 2014	41863
0.39	Aug 13 2014	41864
0.39	Aug 14 2014	41865
0.38	Aug 15 2014	41866
0.38	Aug 18 2014	41869
0.4	Aug 19 2014	41870
0.41	Aug 20 2014	41871
0.42	Aug 21 2014	41872
0.41	Aug 22 2014	41873
0.42	Aug 26 2014	41877
0.41	Aug 27 2014	41878
0.4	Aug 28 2014	41879
0.42	Aug 29 2014	41880
0.41	Sep 1 2014	41883
0.42	Sep 2 2014	41884
0.43	Sep 3 2014	41885
0.43	Sep 4 2014	41886
0.42	Sep 5 2014	41887
0.39	Sep 8 2014	41890
0.39	Sep 9 2014	41891
0.38	Sep 10 2014	41892
0.37	Sep 11 2014	41893
0.38	Sep 12 2014	41894
0.37	Sep 15 2014	41897
0.35	Sep 16 2014	41898
0.37	Sep 17 2014	41899
0.39	Sep 18 2014	41900
0.39	Sep 19 2014	41901
0.38	Sep 22 2014	41904
0.36	Sep 23 2014	41905
0.35	Sep 24 2014	41906
0.35	Sep 25 2014	41907
0.34	Sep 26 2014	41908
0.34	Sep 29 2014	41911
0.29	Sep 30 2014	41912
0.28	Oct 1 2014	41913
0.25	Oct 2 2014	41914
0.28	Oct 3 2014	41915
0.27	Oct 6 2014	41918
0.25	Oct 7 2014	41919
0.28	Oct 8 2014	41920
0.23	Oct 9 2014	41921
0.2	Oct 10 2014	41922
0.23	Oct 13 2014	41925
0.23	Oct 14 2014	41926
0.17	Oct 15 2014	41927
0.14	Oct 16 2014	41928
0.2	Oct 17 2014	41929
0.21	Oct 20 2014	41932
0.25	Oct 21 2014	41933
0.26	Oct 22 2014	41934
0.25	Oct 23 2014	41935
0.23	Oct 24 2014	41936
0.23	Oct 27 2014	41939
0.25	Oct 28 2014	41940
0.25	Oct 29 2014	41941
0.28	Oct 30 2014	41942
0.31	Oct 31 2014	41943
0.31	Nov 3 2014	41946
0.35	Nov 4 2014	41947
0.38	Nov 5 2014	41948
0.37	Nov 6 2014	41949
0.36	Nov 7 2014	41950
0.38	Nov 10 2014	41953
0.41	Nov 11 2014	41954
0.41	Nov 12 2014	41955
0.43	Nov 13 2014	41956
0.43	Nov 14 2014	41957
0.45	Nov 17 2014	41960
0.44	Nov 18 2014	41961
0.45	Nov 19 2014	41962
0.45	Nov 20 2014	41963
0.46	Nov 21 2014	41964
0.44	Nov 24 2014	41967
0.45	Nov 25 2014	41968
0.44	Nov 26 2014	41969
0.45	Nov 27 2014	41970
0.47	Nov 28 2014	41971
0.45	Dec 1 2014	41974
0.47	Dec 2 2014	41975
0.46	Dec 3 2014	41976
0.45	Dec 4 2014	41977
0.47	Dec 5 2014	41978
0.46	Dec 8 2014	41981
0.4	Dec 9 2014	41982
0.41	Dec 10 2014	41983
0.47	Dec 11 2014	41984
0.4	Dec 12 2014	41985
0.34	Dec 15 2014	41988
0.36	Dec 16 2014	41989
0.34	Dec 17 2014	41990
0.41	Dec 18 2014	41991
0.43	Dec 19 2014	41992
0.45	Dec 22 2014	41995
0.48	Dec 23 2014	41996
0.49	Dec 24 2014	41997
0.48	Dec 29 2014	42002
0.47	Dec 30 2014	42003
0.49	Dec 31 2014	42004
0.46	Jan 2 2015	42006
0.43	Jan 5 2015	42009
0.39	Jan 6 2015	42010
0.41	Jan 7 2015	42011
0.45	Jan 8 2015	42012
0.44	Jan 9 2015	42013
0.45	Jan 12 2015	42016
0.47	Jan 13 2015	42017
0.43	Jan 14 2015	42018
0.48	Jan 15 2015	42019
0.5	Jan 16 2015	42020
0.54	Jan 19 2015	42023
0.56	Jan 20 2015	42024
0.59	Jan 21 2015	42025
0.61	Jan 22 2015	42026
0.66	Jan 23 2015	42027
0.66	Jan 26 2015	42030
0.65	Jan 27 2015	42031
0.69	Jan 28 2015	42032
0.69	Jan 29 2015	42033
0.68	Jan 30 2015	42034
0.67	Feb 2 2015	42037
0.71	Feb 3 2015	42038
0.71	Feb 4 2015	42039
0.68	Feb 5 2015	42040
0.69	Feb 6 2015	42041
0.67	Feb 9 2015	42044
0.71	Feb 10 2015	42045
0.71	Feb 11 2015	42046
0.7	Feb 12 2015	42047
0.7	Feb 13 2015	42048
0.7	Feb 16 2015	42051
0.71	Feb 17 2015	42052
0.71	Feb 18 2015	42053
0.73	Feb 19 2015	42054
0.73	Feb 20 2015	42055
0.76	Feb 23 2015	42058
0.77	Feb 24 2015	42059
0.78	Feb 25 2015	42060
0.78	Feb 26 2015	42061
0.8	Feb 27 2015	42062
0.8	Mar 2 2015	42065
0.78	Mar 3 2015	42066
0.7	Mar 4 2015	42067
0.78	Mar 5 2015	42068
0.81	Mar 6 2015	42069
0.84	Mar 9 2015	42072
0.83	Mar 10 2015	42073
0.83	Mar 11 2015	42074
0.85	Mar 12 2015	42075
0.86	Mar 13 2015	42076
0.91	Mar 16 2015	42079
0.88	Mar 17 2015	42080
0.92	Mar 18 2015	42081
0.93	Mar 19 2015	42082
0.93	Mar 20 2015	42083
0.93	Mar 23 2015	42086
0.94	Mar 24 2015	42087
0.91	Mar 25 2015	42088
0.84	Mar 26 2015	42089
0.81	Mar 27 2015	42090
0.83	Mar 30 2015	42093
0.79	Mar 31 2015	42094
0.81	Apr 1 2015	42095
0.81	Apr 2 2015	42096
0.83	Apr 7 2015	42101
0.83	Apr 8 2015	42102
0.85	Apr 9 2015	42103
0.87	Apr 10 2015	42104
0.85	Apr 13 2015	42107
0.83	Apr 14 2015	42108
0.82	Apr 15 2015	42109
0.82	Apr 16 2015	42110
0.78	Apr 17 2015	42111
0.79	Apr 20 2015	42114
0.79	Apr 21 2015	42115
0.77	Apr 22 2015	42116
0.65	Apr 23 2015	42117
0.63	Apr 24 2015	42118
0.64	Apr 27 2015	42121
0.59	Apr 28 2015	42122
0.58	Apr 29 2015	42123
0.6	Apr 30 2015	42124
0.57	May 1 2015	42125
0.57	May 5 2015	42129
0.59	May 6 2015	42130
0.62	May 7 2015	42131
0.69	May 8 2015	42132
0.69	May 11 2015	42135
0.63	May 12 2015	42136
0.64	May 13 2015	42137
0.65	May 14 2015	42138
0.66	May 15 2015	42139
0.66	May 18 2015	42142
0.7	May 19 2015	42143
0.69	May 20 2015	42144
0.7	May 21 2015	42145
0.69	May 22 2015	42146
0.68	May 26 2015	42150
0.7	May 27 2015	42151
0.69	May 28 2015	42152
0.66	May 29 2015	42153
0.62	June 1 2015	42156
0.63	June 2 2015	42157
0.65	June 3 2015	42158
0.67	June 4 2015	42159
0.64	June 5 2015	42160
0.63	June 8 2015	42163
0.6	June 9 2015	42164
0.64	June 10 2015	42165
0.66	June 11 2015	42166
0.64	June 12 2015	42167
0.61	June 15 2015	42170
0.58	June 16 2015	42171
0.55	June 17 2015	42172
0.56	June 18 2015	42173
0.54	June 19 2015	42174
0.58	June 22 2015	42177
0.59	June 23 2015	42178
0.6	June 24 2015	42179
0.58	June 25 2015	42180
0.55	June 26 2015	42181
0.51	June 29 2015	42184
0.49	June 30 2015	42185
0.53	July 1 2015	42186
0.51	July 2 2015	42187
0.5	July 3 2015	42188
0.49	July 6 2015	42191
0.45	July 7 2015	42192
0.48	July 8 2015	42193
0.57	July 9 2015	42194
0.64	July 10 2015	42195
0.67	July 13 2015	42198
0.68	July 14 2015	42199
0.69	July 15 2015	42200
0.72	July 16 2015	42201
0.72	July 17 2015	42202
0.73	July 20 2015	42205
0.71	July 21 2015	42206
0.66	July 22 2015	42207
0.64	July 23 2015	42208
0.62	July 24 2015	42209
0.58	July 27 2015	42212
0.59	July 28 2015	42213
0.59	July 29 2015	42214
0.6	July 30 2015	42215
0.61	July 31 2015	42216
0.6	Aug 3 2015	42219
0.63	Aug 4 2015	42220
0.71	Aug 5 2015	42221
0.75	Aug 6 2015	42222
0.74	Aug 7 2015	42223
0.76	Aug 10 2015	42226
0.74	Aug 11 2015	42227
0.71	Aug 12 2015	42228
0.7	Aug 13 2015	42229
0.68	Aug 14 2015	42230
0.67	Aug 17 2015	42233
0.65	Aug 18 2015	42234
0.62	Aug 19 2015	42235
0.59	Aug 20 2015	42236
0.53	Aug 21 2015	42237
0.44	Aug 24 2015	42240
0.54	Aug 25 2015	42241
0.48	Aug 26 2015	42242
0.54	Aug 27 2015	42243
0.53	Aug 28 2015	42244
0.47	Sep 1 2015	42248
0.49	Sep 2 2015	42249
0.53	Sep 3 2015	42250
0.47	Sep 4 2015	42251
0.51	Sep 7 2015	42254
0.53	Sep 8 2015	42255
0.57	Sep 9 2015	42256
0.55	Sep 10 2015	42257
0.53	Sep 11 2015	42258
0.52	Sep 14 2015	42261
0.51	Sep 15 2015	42262
0.52	Sep 16 2015	42263
0.5	Sep 17 2015	42264
0.45	Sep 18 2015	42265
0.48	Sep 21 2015	42268
0.39	Sep 22 2015	42269
0.43	Sep 23 2015	42270
0.38	Sep 24 2015	42271
0.45	Sep 25 2015	42272
0.38	Sep 28 2015	42275
0.3	Sep 29 2015	42276
0.38	Sep 30 2015	42277
0.37	Oct 1 2015	42278
0.43	Oct 2 2015	42279
0.51	Oct 5 2015	42282
0.47	Oct 6 2015	42283
0.51	Oct 7 2015	42284
0.52	Oct 8 2015	42285
0.51	Oct 9 2015	42286
0.51	Oct 12 2015	42289
0.47	Oct 13 2015	42290
0.43	Oct 14 2015	42291
0.46	Oct 15 2015	42292
0.49	Oct 16 2015	42293
0.49	Oct 19 2015	42296
0.5	Oct 20 2015	42297
0.52	Oct 21 2015	42298
0.54	Oct 22 2015	42299
0.57	Oct 23 2015	42300
0.57	Oct 26 2015	42303
0.59	Oct 27 2015	42304
0.63	Oct 28 2015	42305
0.63	Oct 29 2015	42306
0.62	Oct 30 2015	42307
0.63	Nov 2 2015	42310
0.62	Nov 3 2015	42311
0.68	Nov 4 2015	42312
0.69	Nov 5 2015	42313
0.68	Nov 6 2015	42314
0.67	Nov 9 2015	42317
0.65	Nov 10 2015	42318
0.68	Nov 11 2015	42319
0.64	Nov 12 2015	42320
0.62	Nov 13 2015	42321
0.63	Nov 16 2015	42324
0.68	Nov 17 2015	42325
0.66	Nov 18 2015	42326
0.68	Nov 19 2015	42327
0.69	Nov 20 2015	42328
0.68	Nov 23 2015	42331
0.68	Nov 24 2015	42332
0.72	Nov 25 2015	42333
0.71	Nov 26 2015	42334
0.73	Nov 27 2015	42335
0.72	Nov 30 2015	42338
0.75	Dec 1 2015	42339
0.73	Dec 2 2015	42340
0.67	Dec 3 2015	42341
0.67	Dec 4 2015	42342
0.68	Dec 7 2015	42345
0.65	Dec 8 2015	42346
0.64	Dec 9 2015	42347
0.63	Dec 10 2015	42348
0.58	Dec 11 2015	42349
0.53	Dec 14 2015	42352
0.6	Dec 15 2015	42353
0.62	Dec 16 2015	42354
0.63	Dec 17 2015	42355
0.62	Dec 18 2015	42356
0.63	Dec 21 2015	42359
0.63	Dec 22 2015	42360
0.68	Dec 23 2015	42361
0.69	Dec 24 2015	42362
0.72	Dec 29 2015	42367
0.7	Dec 30 2015	42368
0.68	Dec 31 2015	42369
0.59	Jan 4 2016	42373
0.62	Jan 5 2016	42374
0.56	Jan 6 2016	42375
0.47	Jan 7 2016	42376
0.46	Jan 8 2016	42377
0.45	Jan 11 2016	42380
0.46	Jan 12 2016	42381
0.48	Jan 13 2016	42382
0.45	Jan 14 2016	42383
0.39	Jan 15 2016	42384
0.39	Jan 18 2016	42387
0.45	Jan 19 2016	42388
0.34	Jan 20 2016	42389
0.36	Jan 21 2016	42390
0.38	Jan 22 2016	42391
0.35	Jan 25 2016	42394
0.35	Jan 26 2016	42395
0.37	Jan 27 2016	42396
0.34	Jan 28 2016	42397
0.44	Jan 29 2016	42398
0.4	Feb 1 2016	42401
0.24	Feb 2 2016	42402
0.18	Feb 3 2016	42403
0.16	Feb 4 2016	42404
0.12	Feb 5 2016	42405
0.03	Feb 8 2016	42408
0.02	Feb 9 2016	42409
0.1	Feb 10 2016	42410
0	Feb 11 2016	42411
0.08	Feb 12 2016	42412
0.12	Feb 15 2016	42415
0.12	Feb 16 2016	42416
0.27	Feb 17 2016	42417
0.23	Feb 18 2016	42418
0.22	Feb 19 2016	42419
0.25	Feb 22 2016	42422
0.19	Feb 23 2016	42423
0.14	Feb 24 2016	42424
0.2	Feb 25 2016	42425
0.26	Feb 26 2016	42426
0.27	Feb 29 2016	42429
0.36	Mar 1 2016	42430
0.37	Mar 2 2016	42431
0.36	Mar 3 2016	42432
0.4	Mar 4 2016	42433
0.37	Mar 7 2016	42436
0.34	Mar 8 2016	42437
0.35	Mar 9 2016	42438
0.35	Mar 10 2016	42439
0.42	Mar 11 2016	42440
0.44	Mar 14 2016	42443
0.28	Mar 15 2016	42444
0.35	Mar 16 2016	42445
0.38	Mar 17 2016	42446
0.41	Mar 18 2016	42447
0.41	Mar 21 2016	42450
0.39	Mar 22 2016	42451
0.39	Mar 23 2016	42452
0.31	Mar 24 2016	42453
0.33	Mar 29 2016	42458
0.35	Mar 30 2016	42459
0.35	Mar 31 2016	42460
0.31	Apr 1 2016	42461
0.32	Apr 4 2016	42464
0.29	Apr 5 2016	42465
0.33	Apr 6 2016	42466
0.28	Apr 7 2016	42467
0.34	Apr 8 2016	42468
0.34	Apr 11 2016	42471
0.38	Apr 12 2016	42472
0.44	Apr 13 2016	42473
0.43	Apr 14 2016	42474
0.39	Apr 15 2016	42475
0.4	Apr 18 2016	42478
0.44	Apr 19 2016	42479
0.45	Apr 20 2016	42480
0.47	Apr 21 2016	42481
0.45	Apr 22 2016	42482
0.43	Apr 25 2016	42485
0.41	Apr 26 2016	42486
0.38	Apr 27 2016	42487
0.27	Apr 28 2016	42488
0.23	Apr 29 2016	42489
0.19	May 3 2016	42493
0.19	May 4 2016	42494
0.18	May 5 2016	42495
0.16	May 6 2016	42496
0.18	May 9 2016	42499
0.18	May 10 2016	42500
0.17	May 11 2016	42501
0.14	May 12 2016	42502
0.15	May 13 2016	42503
0.17	May 16 2016	42506
0.2	May 17 2016	42507
0.23	May 18 2016	42508
0.21	May 19 2016	42509
0.25	May 20 2016	42510
0.25	May 23 2016	42513
0.37	May 24 2016	42514
0.4	May 25 2016	42515
0.39	May 26 2016	42516
0.4	May 27 2016	42517
0.39	May 31 2016	42521
0.36	June 1 2016	42522
0.36	June 2 2016	42523
0.33	June 3 2016	42524
0.35	June 6 2016	42527
0.33	June 7 2016	42528
0.34	June 8 2016	42529
0.31	June 9 2016	42530
0.23	June 10 2016	42531
0.18	June 13 2016	42534
0.12	June 14 2016	42535
0.14	June 15 2016	42536
0.11	June 16 2016	42537
0.15	June 17 2016	42538
0.26	June 20 2016	42541
0.3	June 21 2016	42542
0.34	June 22 2016	42543
0.36	June 23 2016	42544
0.89	June 24 2016	42545
0.65	June 27 2016	42548
0.78	June 28 2016	42549
0.89	June 29 2016	42550
0.91	June 30 2016	42551
0.91	July 1 2016	42552
0.87	July 4 2016	42555
0.74	July 5 2016	42556
0.67	July 6 2016	42557
0.71	July 7 2016	42558
0.77	July 8 2016	42559
0.84	July 11 2016	42562
0.89	July 12 2016	42563
0.86	July 13 2016	42564
0.9	July 14 2016	42565
0.89	July 15 2016	42566
0.91	July 18 2016	42569
0.91	July 19 2016	42570
0.97	July 20 2016	42571
0.96	July 21 2016	42572
0.95	July 22 2016	42573
0.99	July 25 2016	42576
0.99	July 26 2016	42577
0.04	July 27 2016	42578
0.01	July 28 2016	42579
0.06	July 29 2016	42580
0.06	Aug 1 2016	42583
0.05	Aug 2 2016	42584
0.05	Aug 3 2016	42585
0.09	Aug 4 2016	42586
0.14	Aug 5 2016	42587
0.18	Aug 8 2016	42590
0.06	Aug 9 2016	42591
0.13	Aug 10 2016	42592
0.13	Aug 11 2016	42593
0.13	Aug 12 2016	42594
0.16	Aug 15 2016	42597
0.12	Aug 16 2016	42598
0.11	Aug 17 2016	42599
0.08	Aug 18 2016	42600
0.06	Aug 19 2016	42601
0.07	Aug 22 2016	42604
0.1	Aug 23 2016	42605
0.1	Aug 24 2016	42606
0.07	Aug 25 2016	42607
0.07	Aug 26 2016	42608
0.09	Aug 30 2016	42612
0.1	Aug 31 2016	42613
0.11	Sep 1 2016	42614
0.16	Sep 2 2016	42615
0.16	Sep 5 2016	42618
0.14	Sep 6 2016	42619
0.14	Sep 7 2016	42620
0.17	Sep 8 2016	42621
0.16	Sep 9 2016	42622
0.1	Sep 12 2016	42625
0.07	Sep 13 2016	42626
0.09	Sep 14 2016	42627
0.11	Sep 15 2016	42628
0.09	Sep 16 2016	42629
0.13	Sep 19 2016	42632
0.15	Sep 20 2016	42633
0.23	Sep 21 2016	42634
0.24	Sep 22 2016	42635
0.24	Sep 23 2016	42636
0.19	Sep 26 2016	42639
0.16	Sep 27 2016	42640
0.19	Sep 28 2016	42641
0.19	Sep 29 2016	42642
0.19	Sep 30 2016	42643
0.17	Oct 3 2016	42646
0.21	Oct 4 2016	42647
0.22	Oct 5 2016	42648
0.22	Oct 6 2016	42649
0.21	Oct7  016	42650
0.18	Oct 10  016	42653
0.15	Oct 11  016	42654
0.17	Oct 12  016	42655
0.11	Oct 13  016	42656
0.11	Oct 14  016	42657
0.06	Oct 17  016	42660
0.1	Oct 18  016	42661
0.08	Oct 19  016	42662
0.11	Oct 20  016	42663
0.09	Oct 21  016	42664
0.1	Oct 24  016	42667
0.09	Oct 25  016	42668
0.1	Oct 26  016	42669
0.1	Oct 27  016	42670
0.12	Oct 28  016	42671
0.09	Oct 31  016	42674
0.1	Nov 1  016	42675
0.08	Nov 2  016	42676
0.14	Nov 3  016	42677
0.08	Nov 4  016	42678
0.13	Nov 7  016	42681
0.13	Nov 8  016	42682
0.22	Nov 9  016	42683
0.33	Nov 10  016	42684
0.3	Nov 11  016	42685
0.35	Nov 14  016	42688
0.35	Nov 15  016	42689
0.32	Nov 16  016	42690
0.34	Nov 17  016	42691
0.33	Nov 18  016	42692
0.3	Nov 21  016	42695
0.35	Nov 22  016	42696
0.35	Nov 23  016	42697
0.37	Nov 24  016	42698
0.38	Nov 25  016	42699
0.37	Nov 28  016	42702
0.39	Nov 29  016	42703
0.36	Nov 30  016	42704
0.42	Dec 1  016	42705
0.43	Dec 2  016	42706
0.42	Dec 5  016	42709
0.37	Dec 6  016	42710
0.44	Dec 7  016	42711
0.45	Dec 8  016	42712
0.44	Dec 9  016	42713
0.39	Dec 12  016	42716
0.4	Dec 13  016	42717
0.38	Dec 14  016	42718
0.43	Dec 15  016	42719
0.43	Dec 16  016	42720
0.41	Dec 19  016	42723
0.44	Dec 20  016	42724
0.46	Dec 21  016	42725
0.46	Dec 22  016	42726
0.47	Dec 23  016	42727
0.46	Dec 28  016	42732
0.49	Dec 29  016	42733
0.48	Dec 30  016	42734
0.49	Jan 3  017	42738
0.52	Jan 4  017	42739
0.47	Jan 5  017	42740
0.5	Jan 6  017	42741
0.49	Jan 9  017	42744
0.48	Jan 10  017	42745
0.47	Jan 11  017	42746
0.46	Jan 12  017	42747
0.49	Jan 13  017	42748
0.46	Jan 16  017	42751
0.45	Jan 17  017	42752
0.42	Jan 18  017	42753
0.41	Jan 19  017	42754
0.39	Jan 20  017	42755
0.38	Jan 23  017	42758
0.4	Jan 24  017	42759
0.41	Jan 25  017	42760
0.43	Jan 26  017	42761
0.44	Jan 27  017	42762
0.4	Jan 30  017	42765
0.35	Jan 31  017	42766
0.36	Feb 1  017	42767
0.33	Feb 2  017	42768
0.38	Feb 3  017	42769
0.36	Feb 6  017	42772
0.39	Feb 7  017	42773
0.38	Feb 8  017	42774
0.42	Feb 9  017	42775
0.43	Feb 10  017	42776
0.44	Feb 13  017	42779
0.44	Feb 14  017	42780
0.47	Feb 15  017	42781
0.46	Feb 16  017	42782
0.44	Feb 17  017	42783
0.46	Feb 20  017	42786
0.44	Feb 21  017	42787
0.45	Feb 22  017	42788
0.46	Feb 23  017	42789
0.47	Feb 24  017	42790
0.47	Feb 27  017	42793
0.48	Feb 28  017	42794
0.52	Mar 1  017	42795
0.52	Mar 2  017	42796
0.54	Mar 3  017	42797
0.55	Mar 6  017	42800
0.54	Mar 7  017	42801
0.49	Mar 8  017	42802
0.5	Mar 9  017	42803
0.49	Mar 10  017	42804
0.49	Mar 13  017	42807
0.46	Mar 14  017	42808
0.49	Mar 15  017	42809
0.49	Mar 16  017	42810
0.5	Mar 17  017	42811
0.51	Mar 20  017	42814
0.52	Mar 21  017	42815
0.51	Mar 22  017	42816
0.49	Mar 23  017	42817
0.49	Mar 24  017	42818
0.47	Mar 27  017	42821
0.48	Mar 28  017	42822
0.46	Mar 29  017	42823
0.47	Mar 30  017	42824
0.47	Mar 31  017	42825
0.45	Apr 3  017	42828
0.46	Apr 4  017	42829
0.45	Apr 5  017	42830
0.46	Apr 6  017	42831
0.46	Apr 7  017	42832
0.46	Apr 10  017	42835
0.47	Apr 11  017	42836
0.5	Apr 12  017	42837
0.52	Apr 13  017	42838
0.49	Apr 18  017	42843
0.52	Apr 19  017	42844
0.53	Apr 20  017	42845
0.55	Apr 21  017	42846
0.61	Apr 24  017	42849
0.61	Apr 25  017	42850
0.61	Apr 26  017	42851
0.47	Apr 27  017	42852
0.46	Apr 28  017	42853
0.51	May 2  017	42857
0.5	May 3  017	42858
0.51	May 4  017	42859
0.51	May 5  017	42860
0.51	May 8  017	42863
0.53	May 9  017	42864
0.56	May 10  017	42865
0.55	May 11  017	42866
0.55	May 12  017	42867
0.57	May 15  017	42870
0.57	May 16  017	42871
0.52	May 17  017	42872
0.51	May 18  017	42873
0.49	May 19  017	42874
0.5	May 22  017	42877
0.53	May 23  017	42878
0.52	May 24  017	42879
0.52	May 25  017	42880
0.5	May 26  017	42881
0.52	May 30  017	42885
0.52	May 31  017	42886
0.55	June 1  017	42887
0.55	June 2  017	42888
0.54	June 5  017	42891
0.51	June 6  017	42892
0.54	June 7  017	42893
0.55	June 8  017	42894
0.58	June 9  017	42895
0.57	June 12  017	42898
0.58	June 13  017	42899
0.58	June 14  017	42900
0.58	June 15  017	42901
0.59	June 16  017	42902
0.61	June 19  017	42905
0.61	June 20  017	42906
0.6	June 21  017	42907
0.57	June 22  017	42908
0.57	June 23  017	42909
0.6	June 26  017	42912
0.59	June 27  017	42913
0.59	June 28  017	42914
0.59	June 29  017	42915
0.58	June 30  017	42916
0.63	July 3  017	42919
0.62	July 4  017	42920
0.64	July 5  017	42921
0.67	July 6  017	42922
0.67	July 7  017	42923
0.64	July 10  017	42926
0.6	July 11  017	42927
0.58	July 12  017	42928
0.6	July 13  017	42929
0.59	July 14  017	42930
0.58	July 17  017	42933
0.58	July 18  017	42934
0.6	July 19  017	42935
0.63	July 20  017	42936
0.64	July 21  017	42937
0.61	July 24  017	42940
0.63	July 25  017	42941
0.65	July 26  017	42942
0.67	July 27  017	42943
0.65	July 28  017	42944
0.68	July 31  017	42947
0.69	Aug 1  017	42948
0.71	Aug 2  017	42949
0.73	Aug 3  017	42950
0.73	Aug 4  017	42951
0.75	Aug 7  017	42954
0.76	Aug 8  017	42955
0.72	Aug 9  017	42956
0.72	Aug 10  017	42957
0.69	Aug 11  017	42958
0.71	Aug 14  017	42961
0.71	Aug 15  017	42962
0.73	Aug 16  017	42963
0.68	Aug 17  017	42964
0.67	Aug 18  017	42965
0.64	Aug 21  017	42968
0.64	Aug 22  017	42969
0.63	Aug 23  017	42970
0.65	Aug 24  017	42971
0.63	Aug 25  017	42972
0.59	Aug 29  017	42976
0.59	Aug 30  017	42977
0.6	Aug 31  017	42978
0.6	Sep 1  017	42979
0.58	Sep 4  017	42982
0.56	Sep 5  017	42983
0.54	Sep 6  017	42984
0.53	Sep 7  017	42985
0.54	Sep 8  017	42986
0.57	Sep 11  017	42989
0.58	Sep 12  017	42990
0.56	Sep 13  017	42991
0.54	Sep 14  017	42992
0.52	Sep 15  017	42993
0.55	Sep 18  017	42996
0.56	Sep 19  017	42997
0.57	Sep 20  017	42998
0.59	Sep 21  017	42999
0.6	Sep 22  017	43000
0.57	Sep 25  017	43003
0.56	Sep 26  017	43004
0.59	Sep 27  017	43005
0.59	Sep 28  017	43006
0.6	Sep 29  017	43007
0.63	Oct 2  017	43010
0.62	Oct 3  017	43011
0.62	Oct 4  017	43012
0.62	Oct 5  017	43013
0.63	Oct 6  017	43014
0.62	Oct 9  017	43017
0.63	Oct 10  017	43018
0.63	Oct 11  017	43019
0.65	Oct 12  017	43020
0.66	Oct 13  017	43021
0.66	Oct 16  017	43024
0.64	Oct 17  017	43025
0.67	Oct 18  017	43026
0.66	Oct 19  017	43027
0.69	Oct 20  017	43028
0.68	Oct 23  017	43031
0.68	Oct 24  017	43032
0.67	Oct 25  017	43033
0.7	Oct 26  017	43034
0.69	Oct 27  017	43035
0.68	Oct 30  017	43038
0.67	Oct 31  017	43039
0.69	Nov 1  017	43040
0.72	Nov 2  017	43041
0.73	Nov 3  017	43042
0.71	Nov 6  017	43045
0.7	Nov 7  017	43046
0.68	Nov 8  017	43047
0.66	Nov 9  017	43048
0.65	Nov 10  017	43049
0.64	Nov 13  017	43052
0.66	Nov 14  017	43053
0.66	Nov 15  017	43054
0.68	Nov 16  017	43055
0.69	Nov 17  017	43056
0.67	Nov 20  017	43059
0.67	Nov 21  017	43060
0.65	Nov 22  017	43061
0.66	Nov 23  017	43062
0.66	Nov 24  017	43063
0.66	Nov 27  017	43066
0.66	Nov 28  017	43067
0.68	Nov 29  017	43068
0.67	Nov 30  017	43069
0.63	Dec 1  017	43070
0.63	Dec 4  017	43073
0.64	Dec 5  017	43074
0.62	Dec 6  017	43075
0.6	Dec 7  017	43076
0.64	Dec 8  017	43077
0.65	Dec 11  017	43080
0.66	Dec 12  017	43081
0.66	Dec 13  017	43082
0.66	Dec 14  017	43083
0.68	Dec 15  017	43084
0.7	Dec 18  017	43087
0.71	Dec 19  017	43088
0.69	Dec 20  017	43089
0.7	Dec 21  017	43090
0.71	Dec 22  017	43091
0.7	Dec 27  017	43096
0.71	Dec 28  017	43097
0.73	Dec 29  017	43098
0.7	Jan 2  018	43102
0.69	Jan 3  018	43103
0.7	Jan 4  018	43104
0.72	Jan 5  018	43105
0.71	Jan 8  018	43108
0.71	Jan 9  018	43109
0.73	Jan 10  018	43110
0.72	Jan 11  018	43111
0.75	Jan 12  018	43112
0.74	Jan 15  018	43115
0.75	Jan 16  018	43116
0.77	Jan 17  018	43117
0.77	Jan 18  018	43118
0.76	Jan 19  018	43119
0.75	Jan 22  018	43122
0.75	Jan 23  018	43123
0.74	Jan 24  018	43124
0.72	Jan 25  018	43125
0.75	Jan 26  018	43126
0.76	Jan 29  018	43129
0.73	Jan 30  018	43130
0.71	Jan 31  018	43131
0.7	Feb 1  018	43132
0.69	Feb 2  018	43133
0.65	Feb 5  018	43136
0.54	Feb 6  018	43137
0.58	Feb 7  018	43138
0.55	Feb 8  018	43139
0.5	Feb 9  018	43140
0.53	Feb 12  018	43143
0.54	Feb 13  018	43144
0.53	Feb 14  018	43145
0.53	Feb 15  018	43146
0.57	Feb 16  018	43147
0.55	Feb 19  018	43150
0.57	Feb 20  018	43151
0.61	Feb 21  018	43152
0.6	Feb 22  018	43153
0.59	Feb 23  018	43154
0.62	Feb 26  018	43157
0.63	Feb 27  018	43158
0.63	Feb 28  018	43159
0.61	Mar 1  018	43160
0.53	Mar 2  018	43161
0.57	Mar 5  018	43164
0.58	Mar 6  018	43165
0.6	Mar 7  018	43166
0.64	Mar 8  018	43167
0.63	Mar 9  018	43168
0.63	Mar 12  018	43171
0.57	Mar 13  018	43172
0.58	Mar 14  018	43173
0.62	Mar 15  018	43174
0.62	Mar 16  018	43175
0.61	Mar 19  018	43178
0.64	Mar 20  018	43179
0.62	Mar 21  018	43180
0.58	Mar 22  018	43181
0.54	Mar 23  018	43182
0.56	Mar 26  018	43185
0.58	Mar 27  018	43186
0.57	Mar 28  018	43187
0.58	Mar 29  018	43188
0.58	Apr 3  018	43193
0.57	Apr 4  018	43194
0.61	Apr 5  018	43195
0.62	Apr 6  018	43196
0.64	Apr 9  018	43199
0.65	Apr 10  018	43200
0.66	Apr 11  018	43201
0.7	Apr 12  018	43202
0.71	Apr 13  018	43203
0.68	Apr 16  018	43206
0.7	Apr 17  018	43207
0.74	Apr 18  018	43208
0.74	Apr 19  018	43209
0.75	Apr 20  018	43210
0.78	Apr 23  018	43213
0.78	Apr 24  018	43214
0.78	Apr 25  018	43215
0.67	Apr 26  018	43216
0.68	Apr 27  018	43217
0.7	Apr 30  018	43220
0.71	May 1  018	43221
0.73	May 2  018	43222
0.73	May 3  018	43223
0.73	May 4  018	43224
0.75	May 8  018	43228
0.79	May 9  018	43229
0.8	May 10  018	43230
0.8	May 11  018	43231
0.78	May 14  018	43234
0.83	May 15  018	43235
0.81	May 16  018	43236
0.83	May 17  018	43237
0.84	May 18  018	43238
0.85	May 21  018	43241
0.86	May 22  018	43242
0.83	May 23  018	43243
0.78	May 24  018	43244
0.78	May 25  018	43245
0.7	May 29  018	43249
0.71	May 30  018	43250
0.7	May 31  018	43251
0.72	June 1  018	43252
0.74	June 4  018	43255
0.71	June 5  018	43256
0.7	June 6  018	43257
0.73	June 7  018	43258
0.7	June 8  018	43259
0.74	June 11  018	43262
0.75	June 12  018	43263
0.72	June 13  018	43264
0.73	June 14  018	43265
0.65	June 15  018	43266
0.65	June 18  018	43269
0.67	June 19  018	43270
0.67	June 20  018	43271
0.65	June 21  018	43272
0.7	June 22  018	43273
0.64	June 25  018	43276
0.65	June 26  018	43277
0.66	June 27  018	43278
0.63	June 28  018	43279
0.66	June 29  018	43280
0.61	July 2  018	43283
0.63	July 3  018	43284
0.63	July 4  018	43285
0.63	July 5  018	43286
0.63	July 6  018	43287
0.66	July 9  018	43290
0.67	July 10  018	43291
0.64	July 11  018	43292
0.66	July 12  018	43293
0.66	July 13  018	43294
0.65	July 16  018	43297
0.67	July 17  018	43298
0.7	July 18  018	43299
0.68	July 19  018	43300
0.67	July 20  018	43301
0.65	July 23  018	43304
0.68	July 24  018	43305
0.64	July 25  018	43306
0.62	July 26  018	43307
0.63	July 27  018	43308
0.65	July 30  018	43311
0.63	July 31  018	43312
0.61	Aug 1  018	43313
0.56	Aug 2  018	43314
0.59	Aug 3  018	43315
0.61	Aug 6  018	43318
0.63	Aug 7  018	43319
0.65	Aug 8  018	43320
0.65	Aug 9  018	43321
0.65	Aug 10  018	43322
0.65	Aug 13  018	43325
0.62	Aug 14  018	43326
0.58	Aug 15  018	43327
0.55	Aug 16  018	43328
0.54	Aug 17  018	43329
0.54	Aug 20  018	43332
0.56	Aug 21  018	43333
0.56	Aug 22  018	43334
0.56	Aug 23  018	43335
0.57	Aug 24  018	43336
0.59	Aug 28  018	43340
0.58	Aug 29  018	43341
0.57	Aug 30  018	43342
0.54	Aug 31  018	43343
0.57	Sep 3  018	43346
0.55	Sep 4  018	43347
0.54	Sep 5  018	43348
0.54	Sep 6  018	43349
0.52	Sep 7  018	43350
0.53	Sep 10  018	43353
0.52	Sep 11  018	43354
0.51	Sep 12  018	43355
0.53	Sep 13  018	43356
0.53	Sep 14  018	43357
0.53	Sep 17  018	43360
0.52	Sep 18  018	43361
0.56	Sep 19  018	43362
0.6	Sep 20  018	43363
0.63	Sep 21  018	43364
0.63	Sep 24  018	43367
0.63	Sep 25  018	43368
0.65	Sep 26  018	43369
0.66	Sep 27  018	43370
0.62	Sep 28  018	43371
0.59	Oct 1  018	43374
0.57	Oct 2  018	43375
0.57	Oct 3  018	43376
0.6	Oct 4  018	43377
0.59	Oct 5  018	43378
0.58	Oct 8  018	43381
0.56	Oct 9  018	43382
0.55	Oct 10  018	43383
0.46	Oct 11  018	43384
0.47	Oct 12  018	43385
0.45	Oct 15  018	43388
0.44	Oct 16  018	43389
0.44	Oct 17  018	43390
0.42	Oct 18  018	43391
0.4	Oct 19  018	43392
0.4	Oct 22  018	43395
0.41	Oct 23  018	43396
0.41	Oct 24  018	43397
0.45	Oct 25  018	43398
0.43	Oct 26  018	43399
0.48	Oct 29  018	43402
0.45	Oct 30  018	43403
0.52	Oct 31  018	43404
0.55	Nov 1  018	43405
0.58	Nov 2  018	43406
0.57	Nov 5  018	43409
0.55	Nov 6  018	43410
0.57	Nov 7  018	43411
0.61	Nov 8  018	43412
0.62	Nov 9  018	43413
0.58	Nov 12  018	43416
0.63	Nov 13  018	43417
0.63	Nov 14  018	43418
0.48	Nov 15  018	43419
0.44	Nov 16  018	43420
0.46	Nov 19  018	43423
0.41	Nov 20  018	43424
0.41	Nov 21  018	43425
0.39	Nov 22  018	43426
0.42	Nov 23  018	43427
0.45	Nov 26  018	43430
0.46	Nov 27  018	43431
0.46	Nov 28  018	43432
0.47	Nov 29  018	43433
0.45	Nov 30  018	43434
0.45	Dec 3  018	43437
0.43	Dec 4  018	43438
0.42	Dec 5  018	43439
0.3	Dec 6  018	43440
0.3	Dec 7  018	43441
0.28	Dec 10  018	43444
0.28	Dec 11  018	43445
0.31	Dec 12  018	43446
0.3	Dec 13  018	43447
0.29	Dec 14  018	43448
0.24	Dec 17  018	43451
0.27	Dec 18  018	43452
0.29	Dec 19  018	43453
0.26	Dec 20  018	43454
0.27	Dec 21  018	43455
0.27	Dec 24  018	43458
0.24	Dec 27  018	43461
0.33	Dec 28  018	43462
0.31	Dec 31  018	43465
0.3	Jan 2  019	43467
0.28	Jan 3  019	43468
0.35	Jan 4  019	43469
0.35	Jan 7  019	43472
0.39	Jan 8  019	43473
0.41	Jan 9  019	43474
0.42	Jan 10  019	43475
0.43	Jan 11  019	43476
0.45	Jan 14  019	43479
0.45	Jan 15  019	43480
0.53	Jan 16  019	43481
0.51	Jan 17  019	43482
0.57	Jan 18  019	43483
0.58	Jan 21  019	43486
0.57	Jan 22  019	43487
0.55	Jan 23  019	43488
0.57	Jan 24  019	43489
0.57	Jan 25  019	43490
0.55	Jan 28  019	43493
0.61	Jan 29  019	43494
0.62	Jan 30  019	43495
0.59	Jan 31  019	43496
0.61	Feb 1  019	43497
0.62	Feb 4  019	43500
0.65	Feb 5  019	43501
0.67	Feb 6  019	43502
0.63	Feb 7  019	43503
0.61	Feb 8  019	43504
0.64	Feb 11  019	43507
0.64	Feb 12  019	43508
0.67	Feb 13  019	43509
0.64	Feb 14  019	43510
0.66	Feb 15  019	43511
0.67	Feb 18  019	43514
0.69	Feb 19  019	43515
0.71	Feb 20  019	43516
